Review_Title,Review_Content,Date,Product_Name
Great phone,Amazing phone,N/A,Samsung_A06
Samsung at it's best,It's perfect ????.....just try work on the RAM,N/A,Samsung_A06
great,????????????????,N/A,Samsung_A06
Excellent,Perfect,N/A,Samsung_A06
Product,The descriptions are right,N/A,Samsung_A06
Good,Good quality for the price,N/A,Samsung_A06
Ram/Rom,Very good phone Long lasting battery and fast charging,N/A,Samsung_A06
I like it,It works perfectly,N/A,Samsung_A06
strong battery,I enjoyed using this phone,N/A,Samsung_A06
Phone is so sleek,Light weight and fast,N/A,Samsung_A06
verygood,It was very nice,N/A,Samsung_A06
Sleek,very fine worth the buy,N/A,Samsung_A06
I like it,No real hassle for now,N/A,Samsung_A06
Good product,Good battery life,N/A,Samsung_A06
The Best has no Alternative,Working perfectly. A good gift for myself,N/A,Samsung_A06
Great,It's what it is,N/A,Samsung_A06
It's really good,It is really fast,N/A,Samsung_A06
perfect,"Working perfectly fine, I love",N/A,Samsung_A06
Everything,The phone is nice. Just as seen????,N/A,Samsung_A06
ok product,Love the fast charging,N/A,Samsung_A06
I'm rating it 5stars,I like it!! Nice product. Specially for brown skin,N/A,Samsung_A06
Very good,Good,N/A,Samsung_A06
Love it,"Fast charge, sleek body, nice display. Nothing to worry about",N/A,Samsung_A06
Exactly what I ordered,The product is good and genuine,N/A,Samsung_A06
I love it,Very good phone,N/A,Samsung_A06
It is good,Very good with a lasting battery,N/A,Samsung_A06
samsung galaxyphone,"The phone is very nice and the camera is very clear, Beautiful phone,I love it",N/A,Samsung_A06
Definitely worth it,I even got a discount,N/A,Samsung_A06
work well,Works perfectly,N/A,Samsung_A06
I like it,It has a good camera quality and Long lasting battery,N/A,Samsung_A06
i love the phone,the phone is fast,N/A,Samsung_A06
I like it,Good phone,N/A,Samsung_A06
the camera is sharp,The phone is good.,N/A,Samsung_A06
good,My wife really love it,N/A,Samsung_A06
nice phone,"I really got what I ordered, the phone is just perfect ????",N/A,Samsung_A06
Cool,Got it for my son it's lovely,N/A,Samsung_A06
Not bad,Incomplete accessories,N/A,Samsung_A06
I love it,I love it,N/A,Samsung_A06
Standby,Battery standby not up to 24hrs,N/A,Samsung_A06
I like it,It a very great phone,N/A,Samsung_A06
I love it,"Perfect product, exactly what I ordered",N/A,Samsung_A06
User loves it,The end user of the phone loves it so much.,N/A,Samsung_A06
overall rating,Good,N/A,Samsung_A06
samsung galaxy,The battery last for 2 days when full And the battery is very strong even the camera Nice products,N/A,Samsung_A06
everything,It cool,N/A,Samsung_A06
Good phone,Perfect Christmas gift for me!,N/A,Samsung_A06
Excellence,Really Good That's the phone I'm using right now,N/A,Samsung_A06
good,Working perfectly okay,N/A,Samsung_A06
I don't like it,The battery doesn't work well,N/A,Samsung_A06
I love the phone,I love the phone,N/A,Samsung_A06
Great,Great,N/A,Samsung_A06
the phone is nice,Its perfect one,N/A,Samsung_A06
I like it,As described . very nice,N/A,Samsung_A06
cool,Working well,N/A,Samsung_A06
Works perfectly,I love it .. so smart and very easy to move because of its light weight,N/A,Samsung_A06
Good,I love it just that it came late but is perfect and exactly what I ordered,N/A,Samsung_A06
Good for the price,The phone is good for the price everything is working perfectly,N/A,Samsung_A06
i like it,it good,N/A,Samsung_A06
"It was real and, it's from a legit source",Same thing as above,N/A,Samsung_A06
Nice phone.,Gifted someone the phone and they've been enjoying it without complaints,N/A,Samsung_A06
Very smooth entry level device,It doesn't lag and it runs most popular mobile games smoothly,N/A,Samsung_A06
I love it ????,It is working perfectly,N/A,Samsung_A06
screen view,Quality of the screen display and ???? battery durability and tone and audio sounds.,N/A,Samsung_A06
Exactly what I ordered,For now no issue,N/A,Samsung_A06
excellent,Working good,N/A,Samsung_A06
Samsung A06,It's okay,N/A,Samsung_A06
Love it,Great product it's sleek and pretty good for it's price tag,N/A,Samsung_A06
Exactly what i ordered,"My brother loves his new phone so much. Exactly what we expected. And since I got it during the black Friday sales, it's definitely a steal",N/A,Samsung_A06
Amazing product,Neat and clean as ordered,N/A,Samsung_A06
i rate it 9 out of 10,Very good phone. Its working well.,N/A,Samsung_A06
Good phone,Very smart,N/A,Samsung_A06
Meets Expectations,The phone is amazing,N/A,Samsung_A06
super cool,Beautiful,N/A,Samsung_A06
nice,Good,N/A,Samsung_A06
A06,Best buy,N/A,Samsung_A06
I like it,No bad,N/A,Samsung_A06
Perfect,Great mobile,N/A,Samsung_A06
I like this,Working perfectly,N/A,Samsung_A06
User friendly,Very reliable product,N/A,Samsung_A06
Manage,"It’s okay, but hang some time",N/A,Samsung_A06
I like it,The phone is good for my liking,N/A,Samsung_A06
very good,Quite nice,N/A,Samsung_A06
Not bad,Not bad,N/A,Samsung_A06
samsung phone,"King of Android, the best",N/A,Samsung_A06
Mr Possible,The phone works perfectly as expected .,N/A,Samsung_A06
littlecomplaint,The phone is good but off without a purpose,N/A,Samsung_A06
good,Good battery life and software,N/A,Samsung_A06
very good,Good,N/A,Samsung_A06
high performace,"High performance, long battery life, sharp camera",N/A,Samsung_A06
everything about the phone is good❤️‍????????,It has face id and fingerprints,N/A,Samsung_A06
great,It works beautifully well,N/A,Samsung_A06
screen issues,"2 weeks after i got the phone, the screen was showing lines",N/A,Samsung_A06
I love it ????,The best ????,N/A,Samsung_A06
Satisfied,Durable and strong,N/A,Samsung_A06
Awesome,Perfect ????????,N/A,Samsung_A06
Great,"Great, I'm enjoying it",N/A,Samsung_A06
Add more ROM space to it,A very nice phone with a strong battery,N/A,Samsung_A06
samsung ao6,Is very good. Enjoying it so far. Good to have a great brand.,N/A,Samsung_A06
Good phone,It works perfectly,N/A,Samsung_A06
It’s okay,It’s working perfectly,N/A,Samsung_A06
Samsung galaxy A 06.7,The can last the whole day without dying,N/A,Samsung_A06
Good,Lovely,N/A,Samsung_A06
Perfect,Perfect,N/A,Samsung_A06
Cool,It is awesome,N/A,Samsung_A06
Perfect.Device,"This Device dey out shine himself, beats my expectations all around... Too good for the price.",N/A,Samsung_A06
Galaxy A06,Very nice. Worth it ????,N/A,Samsung_A06
Good condition,"Lovely, it came in good condition",N/A,Samsung_A06
Excellent,Very good phone,N/A,Samsung_A06
samsung product are the best,"I bought it for my mum and she loves it It's a good phone, I recommend",N/A,Samsung_A06
I like it,Excellent,N/A,Samsung_A06
Obsolute Good,The phone really what more than the price. Thank you,N/A,Samsung_A06
Galaxy a06,The phone is really Good I got what I ordered,N/A,Samsung_A06
Exactly what i wanted,5 ⭐,N/A,Samsung_A06
excellent product,Nice product,N/A,Samsung_A06
Excellent,It's been working pretty well so far,N/A,Samsung_A06
nice products,The product is perfect and smart ????,N/A,Samsung_A06
excellent,"I love it, although I bought it for my fiancee but she is enjoying it",N/A,Samsung_A06
I love it,"The camera is good, battery is strong",N/A,Samsung_A06
very sharp i bought my own few weeks ago,The Samsung a06 is very smart ????,N/A,Samsung_A06
Nice product,Easy to set up.,N/A,Samsung_A06
good,It really what I click for that was given,N/A,Samsung_A06
Good phone,Good phone,N/A,Samsung_A06
samsung A06,This is good,N/A,Samsung_A06
awesome,"the battery is awesome, and the phone's all round performance is amazing. But if you are a gamer, like efootball is not too smooth on this phone.",N/A,Samsung_A06
VeryGoodproduct,Excellent,N/A,Samsung_A06
I like it,"The phone is good and I love it,best phone",N/A,Samsung_A06
comment,Good and Easy to operate,N/A,Samsung_A06
excellent!!!,"Very, very, good product by Samsung I so much love ❤️ it.",N/A,Samsung_A06
Good,But the battery may not be as perfect as you envisioned except you don't use Internet often then you can enjoy the battery a bit more,N/A,Samsung_A06
front camera,"Very good, excellent performance",N/A,Samsung_A06
My girl likes it.,She complains that the battery doesn't last long.,N/A,Samsung_A06
Good,Battery is top notch,N/A,Samsung_A06
good,The phone is okay,N/A,Samsung_A06
fast,It very good ????,N/A,Samsung_A06
Kudos to Samsung.,"The product is good for the midrange level and I give kudos to Samsung. However, the company made the product worthless by not providing a charger for it. Inferior chargers will definitely spoil the product ahead of time. Something must be done about this.",N/A,Samsung_A06
Excellent,Perfect,N/A,Samsung_A06
Amazing,"Amazing so far, no issues",N/A,Samsung_A06
I like it,"Very good long battery, camera is okay",N/A,Samsung_A06
About Samsung phone,Smartness,N/A,Samsung_A06
Works perfectly,Works fine,N/A,Samsung_A06
Just ok,"Cool running processing speed and performance.. but Camera is poor compared to wat is being specified! The back camera seems like 8MP.. its nothing near 13MP sef not to talk of 50MP as being specified. In other words the 50MP camera is over hyped! So don't be deceived by the 50MP camera spec, cos its nothing near it at all!!",N/A,Samsung_A06
It's okay,"The phone is okay though, okay enjoying it for its price",N/A,Samsung_A06
good,Good phone,N/A,Samsung_A06
make it not to hang,Make it not to hang,N/A,Samsung_A06
Good product,Exactly what I ordered ... I love it,N/A,Samsung_A06
its good,fine product of quality,N/A,Samsung_A06
Timing,The timing was perfect,N/A,Samsung_A06
Samsung ao6,Very good,N/A,Samsung_A06
a06,Great ???? thank you so much,N/A,Samsung_A06
I love it,It is more than I expected,N/A,Samsung_A06
I like it,Very good and working perfectly,N/A,Samsung_A06
Good,Camera,N/A,Samsung_A06
Nice phone,Good Samsung Working fine and smoothly,N/A,Samsung_A06
fast and clear,"Fast, clear picture etc",N/A,Samsung_A06
good product,I love the feature,N/A,Samsung_A06
Exactly what I want,Lovely,N/A,Samsung_A06
I love it,Is working perfectly and faster,N/A,Samsung_A06
I love it,It's very nice with clear camera. The battery is fair,N/A,Samsung_A06
"It's okey ,",They product is cool but no charger on the box,N/A,Samsung_A06
Extremely awesome device,More than what I expected Is very fast in internet connection,N/A,Samsung_A06
exceeded all my expectations,"improved A06 version , it has call recording and more facilities than my former same A06 model SM-A065F/DS",N/A,Samsung_A06
Alh.,Good,N/A,Samsung_A06
Good,The phone is generally Good except the display Redmi A5 have more colorful display than ao6 IPS LCD should have been better,N/A,Samsung_A06
My wife loves it,Sleek,N/A,Samsung_A06
I love it,It's a nice phone,N/A,Samsung_A06
good phone,It's lite and smooth,N/A,Samsung_A06
Pretty good device,Being enjoying it and no complaints of any sort yet,N/A,Samsung_A06
It's nice,Works well. Very okay and sleek,N/A,Samsung_A06
It's good,"Looks good, feels good, It's great!",N/A,Samsung_A06
lovely,The device is awesome,N/A,Samsung_A06
efficiency,Efficiency,N/A,Samsung_A06
Durable quality and sleek design,"Samsung AO6 uses an added layer of security over the bare-bones AO5, which is equally a wonder to behold for an entry-level phone. Just like its predecessor AO5, it has fantastic and captivating features. Due to a good processor speed rate, it handles multitasking and gaming well enough for its kind and price; fantastic battery life, fast recharge. A quick software upgrade can also take you to the next level. I'd recommend it to any interested buyer.",N/A,Samsung_A06
Batterylife,"This phone is good and its working perfectly fine ???? so, it deserves a 5 star, Good and honest supplier",N/A,Samsung_A06
Cool,So far so good just that it was without a charger head. Wish it was described. But I love it anyway.,N/A,Samsung_A06
I love it.,"The camera is topnotch, the speed is speedy",N/A,Samsung_A06
nice,It's good????,N/A,Samsung_A06
I like it,So nice,N/A,Samsung_A06
it is very good,It's perfect the fingerprint great Face unlock ????????,N/A,Samsung_A06
Nice phone,But lags when there is a lot app on You always need to clean it to keep enjoying the phone,N/A,Samsung_A06
I just love the phone,Samsung keep your hard work,N/A,Samsung_A06
A wonderful device for it price,"It’s really beautiful, good battery,big screen, sharp face unlock, great fingerprint, slit screen, fast data connect, beautiful UI. Lots more.",N/A,Samsung_A06
Works as it should,Came as original as it can be,N/A,Samsung_A06
good phone,It's a really nice phone,N/A,Samsung_A06
Very good on the prize,Because is Samsung I like it,N/A,Samsung_A06
I love it.,Perfect and classic as described. Samsung is good.,N/A,Samsung_A06
Hanging,Jeeps hanging. Even as I didn’t put things on it.,N/A,Samsung_A06
An okay phone,"A Nice phone but feel very cheap on quality and very light, but battery ???? health is Good",N/A,Samsung_A06
Perfect,Perfect,N/A,Samsung_A06
my client loves it,the phone is so beautiful,N/A,Samsung_A06
Perfect,It's was perfect with nice camera,N/A,Samsung_A06
The camera quality,"The phone is good , fast charging",N/A,Samsung_A06
i like it,Original and affordable,N/A,Samsung_A06
It is good.,Received as ordered.,N/A,Samsung_A06
My wife love it so much,No doubt about what I got fantastic phone ????. Samsung is always top notch no doubt about it anyday,N/A,Samsung_A06
It was delivered right on time,The device is very clean,N/A,Samsung_A06
Very nice,Good,N/A,Samsung_A06
It's Superb,The phone is awesome the battery doesn't last and the face id doesn't work in the dark.,N/A,Samsung_A06
Perfect,Battery is top notch,N/A,Samsung_A06
Good,Everything about it is perfect,N/A,Samsung_A06
I like it,Just authentic,N/A,Samsung_A06
It’s nice phone,I use it as a back up phone and as a business phone Don’t overload it with big app or files It will lag,N/A,Samsung_A06
Worthy of price ane function,"I'd be willing to recommend this phone. Solid battery, great camera and speed for the money.",N/A,Samsung_A06
Samsung phone,It’s good,N/A,Samsung_A06
Phone working perfect,This is a good product,N/A,Samsung_A06
Superb,It functions very well,N/A,Samsung_A06
The phone hangs a lot,"The phone hangs a lot, even when there are no apps on it",N/A,Samsung_A06
cool,Nice,N/A,Samsung_A06
I like it,Very good,N/A,Samsung_A06
Nice Device,It is a good device for those on Low budget,N/A,Samsung_A06
good phone,Everything is perfect,N/A,Samsung_A06
I like it but no receipt found inside the package,"It's really a nice phone that really worth the price. @1st when I open the package, the carton look a bit rough. All perfect. Cheap price compare to shop price. All you need to buy extra is the charger head.",N/A,Samsung_A06
nice phone,Nice phone,N/A,Samsung_A06
i love it,The phone is okay. What i ordered 4,N/A,Samsung_A06
Samsung,"Gotten in a good condition, that’s nice .",N/A,Samsung_A06
Pleasantly surprised,Good value for money,N/A,Samsung_A06
Don’t like,No charger no earplugs no pack no screen guide,N/A,Samsung_A06
Great,Working fine so far,N/A,Samsung_A06
Good product,It’s okay and working perfectly.,N/A,Samsung_A06
great,Product was exactly as described,N/A,Samsung_A06
I love it,its the really deal,N/A,Samsung_A06
it's perfect,Make it perfect by charger,N/A,Samsung_A06
Best,A06 is the best at it series.,N/A,Samsung_A06
my phone,I recommend for a budget of 100k It's a nice phone,N/A,Samsung_A06
SAMSUNG IS WORTHY OF PRICE,VERY SLICK AND EFFICIENT,N/A,Samsung_A06
Good phone.,The phone is not heavy and it's stylish.,N/A,Samsung_A06
galaxyao6,The phone is a very good phone I love it and the camera is waooooo very clearly,N/A,Samsung_A06
Perfect!,Just as expected.,N/A,Samsung_A06
camera,Just as described,N/A,Samsung_A06
Very Excellent for the Price,Samsung never lags in quality of both software/hardware - Good Phone,N/A,Samsung_A06
Really nice,Good for its value,N/A,Samsung_A06
I really like it.,Exactly as described!,N/A,Samsung_A06
I love it,The phone actually gives the flagship vibe and the battery lasts longgggg It also came with a 15w adaptor,N/A,Samsung_A06
mr,I love like is eve understatement I love everything about the phone,N/A,Samsung_A06
Really nice,It's a nice phone It worth it,N/A,Samsung_A06
Perfect,Really love the sleek design,N/A,Samsung_A06
I like it,The product is okay,N/A,Samsung_A06
Superb,"The smartphone was superb just as expected, but the charger gift was not 25 which makes the charging slow",N/A,Samsung_A06
i give them 5 star,Exactly what I order,N/A,Samsung_A06
ORIGINAL PRODUCT,THE SPLITTING WINDOW FEATURE,N/A,Samsung_A06
so lovely with features,Most of the features,N/A,Samsung_A06
working very well,Absolutely perfect,N/A,Samsung_A06
The size,I like the sleek nature,N/A,Samsung_A06
great,Perfect for what I paid for,N/A,Samsung_A06
Good for the price.,Just average. Not a flagship so it’s good for the price.,N/A,Samsung_A06
Good,Good,N/A,Samsung_A06
Great phone,Amazing phone,N/A,Samsung_A06
Samsung at it's best,It's perfect ????.....just try work on the RAM,N/A,Samsung_A06
great,????????????????,N/A,Samsung_A06
Excellent,Perfect,N/A,Samsung_A06
Product,The descriptions are right,N/A,Samsung_A06
Good,Good quality for the price,N/A,Samsung_A06
Ram/Rom,Very good phone Long lasting battery and fast charging,N/A,Samsung_A06
I like it,It works perfectly,N/A,Samsung_A06
strong battery,I enjoyed using this phone,N/A,Samsung_A06
Phone is so sleek,Light weight and fast,N/A,Samsung_A06
Great phone,Amazing phone,N/A,Samsung_A06
Samsung at it's best,It's perfect ????.....just try work on the RAM,N/A,Samsung_A06
great,????????????????,N/A,Samsung_A06
Excellent,Perfect,N/A,Samsung_A06
Product,The descriptions are right,N/A,Samsung_A06
Good,Good quality for the price,N/A,Samsung_A06
Ram/Rom,Very good phone Long lasting battery and fast charging,N/A,Samsung_A06
I like it,It works perfectly,N/A,Samsung_A06
strong battery,I enjoyed using this phone,N/A,Samsung_A06
Phone is so sleek,Light weight and fast,N/A,Samsung_A06
Great phone,Amazing phone,N/A,Samsung_A06
Samsung at it's best,It's perfect ????.....just try work on the RAM,N/A,Samsung_A06
great,????????????????,N/A,Samsung_A06
Excellent,Perfect,N/A,Samsung_A06
Product,The descriptions are right,N/A,Samsung_A06
Good,Good quality for the price,N/A,Samsung_A06
Ram/Rom,Very good phone Long lasting battery and fast charging,N/A,Samsung_A06
I like it,It works perfectly,N/A,Samsung_A06
strong battery,I enjoyed using this phone,N/A,Samsung_A06
Phone is so sleek,Light weight and fast,N/A,Samsung_A06
Great phone,Amazing phone,N/A,Samsung_A06
Samsung at it's best,It's perfect ????.....just try work on the RAM,N/A,Samsung_A06
great,????????????????,N/A,Samsung_A06
Excellent,Perfect,N/A,Samsung_A06
Product,The descriptions are right,N/A,Samsung_A06
Good,Good quality for the price,N/A,Samsung_A06
Ram/Rom,Very good phone Long lasting battery and fast charging,N/A,Samsung_A06
I like it,It works perfectly,N/A,Samsung_A06
strong battery,I enjoyed using this phone,N/A,Samsung_A06
Phone is so sleek,Light weight and fast,N/A,Samsung_A06
Great phone,Amazing phone,N/A,Samsung_A06
Samsung at it's best,It's perfect ????.....just try work on the RAM,N/A,Samsung_A06
great,????????????????,N/A,Samsung_A06
Excellent,Perfect,N/A,Samsung_A06
Product,The descriptions are right,N/A,Samsung_A06
Good,Good quality for the price,N/A,Samsung_A06
Ram/Rom,Very good phone Long lasting battery and fast charging,N/A,Samsung_A06
I like it,It works perfectly,N/A,Samsung_A06
strong battery,I enjoyed using this phone,N/A,Samsung_A06
Phone is so sleek,Light weight and fast,N/A,Samsung_A06
Great phone,Amazing phone,N/A,Samsung_A06
Samsung at it's best,It's perfect ????.....just try work on the RAM,N/A,Samsung_A06
great,????????????????,N/A,Samsung_A06
Excellent,Perfect,N/A,Samsung_A06
Product,The descriptions are right,N/A,Samsung_A06
Good,Good quality for the price,N/A,Samsung_A06
Ram/Rom,Very good phone Long lasting battery and fast charging,N/A,Samsung_A06
I like it,It works perfectly,N/A,Samsung_A06
strong battery,I enjoyed using this phone,N/A,Samsung_A06
Phone is so sleek,Light weight and fast,N/A,Samsung_A06
Great phone,Amazing phone,N/A,Samsung_A06
Samsung at it's best,It's perfect ????.....just try work on the RAM,N/A,Samsung_A06
great,????????????????,N/A,Samsung_A06
Excellent,Perfect,N/A,Samsung_A06
Product,The descriptions are right,N/A,Samsung_A06
Good,Good quality for the price,N/A,Samsung_A06
Ram/Rom,Very good phone Long lasting battery and fast charging,N/A,Samsung_A06
I like it,It works perfectly,N/A,Samsung_A06
strong battery,I enjoyed using this phone,N/A,Samsung_A06
Phone is so sleek,Light weight and fast,N/A,Samsung_A06
Great phone,Amazing phone,N/A,Samsung_A06
Samsung at it's best,It's perfect ????.....just try work on the RAM,N/A,Samsung_A06
great,????????????????,N/A,Samsung_A06
Excellent,Perfect,N/A,Samsung_A06
Product,The descriptions are right,N/A,Samsung_A06
Good,Good quality for the price,N/A,Samsung_A06
Ram/Rom,Very good phone Long lasting battery and fast charging,N/A,Samsung_A06
I like it,It works perfectly,N/A,Samsung_A06
strong battery,I enjoyed using this phone,N/A,Samsung_A06
Phone is so sleek,Light weight and fast,N/A,Samsung_A06
Great phone,Amazing phone,N/A,Samsung_A06
Samsung at it's best,It's perfect ????.....just try work on the RAM,N/A,Samsung_A06
great,????????????????,N/A,Samsung_A06
Excellent,Perfect,N/A,Samsung_A06
Product,The descriptions are right,N/A,Samsung_A06
Good,Good quality for the price,N/A,Samsung_A06
Ram/Rom,Very good phone Long lasting battery and fast charging,N/A,Samsung_A06
I like it,It works perfectly,N/A,Samsung_A06
strong battery,I enjoyed using this phone,N/A,Samsung_A06
Phone is so sleek,Light weight and fast,N/A,Samsung_A06
Great phone,Amazing phone,N/A,Samsung_A06
Samsung at it's best,It's perfect ????.....just try work on the RAM,N/A,Samsung_A06
great,????????????????,N/A,Samsung_A06
Excellent,Perfect,N/A,Samsung_A06
Product,The descriptions are right,N/A,Samsung_A06
Good,Good quality for the price,N/A,Samsung_A06
Ram/Rom,Very good phone Long lasting battery and fast charging,N/A,Samsung_A06
I like it,It works perfectly,N/A,Samsung_A06
strong battery,I enjoyed using this phone,N/A,Samsung_A06
Phone is so sleek,Light weight and fast,N/A,Samsung_A06
Great phone,Amazing phone,N/A,Samsung_A06
Samsung at it's best,It's perfect ????.....just try work on the RAM,N/A,Samsung_A06
great,????????????????,N/A,Samsung_A06
Excellent,Perfect,N/A,Samsung_A06
Product,The descriptions are right,N/A,Samsung_A06
Good,Good quality for the price,N/A,Samsung_A06
Ram/Rom,Very good phone Long lasting battery and fast charging,N/A,Samsung_A06
I like it,It works perfectly,N/A,Samsung_A06
strong battery,I enjoyed using this phone,N/A,Samsung_A06
Phone is so sleek,Light weight and fast,N/A,Samsung_A06
Great phone,Amazing phone,N/A,Samsung_A06
Samsung at it's best,It's perfect ????.....just try work on the RAM,N/A,Samsung_A06
great,????????????????,N/A,Samsung_A06
Excellent,Perfect,N/A,Samsung_A06
Product,The descriptions are right,N/A,Samsung_A06
Good,Good quality for the price,N/A,Samsung_A06
Ram/Rom,Very good phone Long lasting battery and fast charging,N/A,Samsung_A06
I like it,It works perfectly,N/A,Samsung_A06
strong battery,I enjoyed using this phone,N/A,Samsung_A06
Phone is so sleek,Light weight and fast,N/A,Samsung_A06
Great phone,Amazing phone,N/A,Samsung_A06
Samsung at it's best,It's perfect ????.....just try work on the RAM,N/A,Samsung_A06
great,????????????????,N/A,Samsung_A06
Excellent,Perfect,N/A,Samsung_A06
Product,The descriptions are right,N/A,Samsung_A06
Good,Good quality for the price,N/A,Samsung_A06
Ram/Rom,Very good phone Long lasting battery and fast charging,N/A,Samsung_A06
I like it,It works perfectly,N/A,Samsung_A06
strong battery,I enjoyed using this phone,N/A,Samsung_A06
Phone is so sleek,Light weight and fast,N/A,Samsung_A06
Great phone,Amazing phone,N/A,Samsung_A06
Samsung at it's best,It's perfect ????.....just try work on the RAM,N/A,Samsung_A06
great,????????????????,N/A,Samsung_A06
Excellent,Perfect,N/A,Samsung_A06
Product,The descriptions are right,N/A,Samsung_A06
Good,Good quality for the price,N/A,Samsung_A06
Ram/Rom,Very good phone Long lasting battery and fast charging,N/A,Samsung_A06
I like it,It works perfectly,N/A,Samsung_A06
strong battery,I enjoyed using this phone,N/A,Samsung_A06
Phone is so sleek,Light weight and fast,N/A,Samsung_A06
Great phone,Amazing phone,N/A,Samsung_A06
Samsung at it's best,It's perfect ????.....just try work on the RAM,N/A,Samsung_A06
great,????????????????,N/A,Samsung_A06
Excellent,Perfect,N/A,Samsung_A06
Product,The descriptions are right,N/A,Samsung_A06
Good,Good quality for the price,N/A,Samsung_A06
Ram/Rom,Very good phone Long lasting battery and fast charging,N/A,Samsung_A06
I like it,It works perfectly,N/A,Samsung_A06
strong battery,I enjoyed using this phone,N/A,Samsung_A06
Phone is so sleek,Light weight and fast,N/A,Samsung_A06
Great phone,Amazing phone,N/A,Samsung_A06
Samsung at it's best,It's perfect ????.....just try work on the RAM,N/A,Samsung_A06
great,????????????????,N/A,Samsung_A06
Excellent,Perfect,N/A,Samsung_A06
Product,The descriptions are right,N/A,Samsung_A06
Good,Good quality for the price,N/A,Samsung_A06
Ram/Rom,Very good phone Long lasting battery and fast charging,N/A,Samsung_A06
I like it,It works perfectly,N/A,Samsung_A06
strong battery,I enjoyed using this phone,N/A,Samsung_A06
Phone is so sleek,Light weight and fast,N/A,Samsung_A06
Great phone,Amazing phone,N/A,Samsung_A06
Samsung at it's best,It's perfect ????.....just try work on the RAM,N/A,Samsung_A06
great,????????????????,N/A,Samsung_A06
Excellent,Perfect,N/A,Samsung_A06
Product,The descriptions are right,N/A,Samsung_A06
Good,Good quality for the price,N/A,Samsung_A06
Ram/Rom,Very good phone Long lasting battery and fast charging,N/A,Samsung_A06
I like it,It works perfectly,N/A,Samsung_A06
strong battery,I enjoyed using this phone,N/A,Samsung_A06
Phone is so sleek,Light weight and fast,N/A,Samsung_A06
Great phone,Amazing phone,N/A,Samsung_A06
Samsung at it's best,It's perfect ????.....just try work on the RAM,N/A,Samsung_A06
great,????????????????,N/A,Samsung_A06
Excellent,Perfect,N/A,Samsung_A06
Product,The descriptions are right,N/A,Samsung_A06
Good,Good quality for the price,N/A,Samsung_A06
Ram/Rom,Very good phone Long lasting battery and fast charging,N/A,Samsung_A06
I like it,It works perfectly,N/A,Samsung_A06
strong battery,I enjoyed using this phone,N/A,Samsung_A06
Phone is so sleek,Light weight and fast,N/A,Samsung_A06
Great phone,Amazing phone,N/A,Samsung_A06
Samsung at it's best,It's perfect ????.....just try work on the RAM,N/A,Samsung_A06
great,????????????????,N/A,Samsung_A06
Excellent,Perfect,N/A,Samsung_A06
Product,The descriptions are right,N/A,Samsung_A06
Good,Good quality for the price,N/A,Samsung_A06
Ram/Rom,Very good phone Long lasting battery and fast charging,N/A,Samsung_A06
I like it,It works perfectly,N/A,Samsung_A06
strong battery,I enjoyed using this phone,N/A,Samsung_A06
Phone is so sleek,Light weight and fast,N/A,Samsung_A06
Great phone,Amazing phone,N/A,Samsung_A06
Samsung at it's best,It's perfect ????.....just try work on the RAM,N/A,Samsung_A06
great,????????????????,N/A,Samsung_A06
Excellent,Perfect,N/A,Samsung_A06
Product,The descriptions are right,N/A,Samsung_A06
Good,Good quality for the price,N/A,Samsung_A06
Ram/Rom,Very good phone Long lasting battery and fast charging,N/A,Samsung_A06
I like it,It works perfectly,N/A,Samsung_A06
strong battery,I enjoyed using this phone,N/A,Samsung_A06
Phone is so sleek,Light weight and fast,N/A,Samsung_A06
Great phone,Amazing phone,N/A,Samsung_A06
Samsung at it's best,It's perfect ????.....just try work on the RAM,N/A,Samsung_A06
great,????????????????,N/A,Samsung_A06
Excellent,Perfect,N/A,Samsung_A06
Product,The descriptions are right,N/A,Samsung_A06
Good,Good quality for the price,N/A,Samsung_A06
Ram/Rom,Very good phone Long lasting battery and fast charging,N/A,Samsung_A06
I like it,It works perfectly,N/A,Samsung_A06
strong battery,I enjoyed using this phone,N/A,Samsung_A06
Phone is so sleek,Light weight and fast,N/A,Samsung_A06
Great phone,Amazing phone,N/A,Samsung_A06
Samsung at it's best,It's perfect ????.....just try work on the RAM,N/A,Samsung_A06
great,????????????????,N/A,Samsung_A06
Excellent,Perfect,N/A,Samsung_A06
Product,The descriptions are right,N/A,Samsung_A06
Good,Good quality for the price,N/A,Samsung_A06
Ram/Rom,Very good phone Long lasting battery and fast charging,N/A,Samsung_A06
I like it,It works perfectly,N/A,Samsung_A06
strong battery,I enjoyed using this phone,N/A,Samsung_A06
Phone is so sleek,Light weight and fast,N/A,Samsung_A06
Great phone,Amazing phone,N/A,Samsung_A06
Samsung at it's best,It's perfect ????.....just try work on the RAM,N/A,Samsung_A06
great,????????????????,N/A,Samsung_A06
Excellent,Perfect,N/A,Samsung_A06
Product,The descriptions are right,N/A,Samsung_A06
Good,Good quality for the price,N/A,Samsung_A06
Ram/Rom,Very good phone Long lasting battery and fast charging,N/A,Samsung_A06
I like it,It works perfectly,N/A,Samsung_A06
strong battery,I enjoyed using this phone,N/A,Samsung_A06
Phone is so sleek,Light weight and fast,N/A,Samsung_A06
Great phone,Amazing phone,N/A,Samsung_A06
Samsung at it's best,It's perfect ????.....just try work on the RAM,N/A,Samsung_A06
great,????????????????,N/A,Samsung_A06
Excellent,Perfect,N/A,Samsung_A06
Product,The descriptions are right,N/A,Samsung_A06
Good,Good quality for the price,N/A,Samsung_A06
Ram/Rom,Very good phone Long lasting battery and fast charging,N/A,Samsung_A06
I like it,It works perfectly,N/A,Samsung_A06
strong battery,I enjoyed using this phone,N/A,Samsung_A06
Phone is so sleek,Light weight and fast,N/A,Samsung_A06
Great phone,Amazing phone,N/A,Samsung_A06
Samsung at it's best,It's perfect ????.....just try work on the RAM,N/A,Samsung_A06
great,????????????????,N/A,Samsung_A06
Excellent,Perfect,N/A,Samsung_A06
Product,The descriptions are right,N/A,Samsung_A06
Good,Good quality for the price,N/A,Samsung_A06
Ram/Rom,Very good phone Long lasting battery and fast charging,N/A,Samsung_A06
I like it,It works perfectly,N/A,Samsung_A06
strong battery,I enjoyed using this phone,N/A,Samsung_A06
Phone is so sleek,Light weight and fast,N/A,Samsung_A06
Great phone,Amazing phone,N/A,Samsung_A06
Samsung at it's best,It's perfect ????.....just try work on the RAM,N/A,Samsung_A06
great,????????????????,N/A,Samsung_A06
Excellent,Perfect,N/A,Samsung_A06
Product,The descriptions are right,N/A,Samsung_A06
Good,Good quality for the price,N/A,Samsung_A06
Ram/Rom,Very good phone Long lasting battery and fast charging,N/A,Samsung_A06
I like it,It works perfectly,N/A,Samsung_A06
strong battery,I enjoyed using this phone,N/A,Samsung_A06
Phone is so sleek,Light weight and fast,N/A,Samsung_A06
Great phone,Amazing phone,N/A,Samsung_A06
Samsung at it's best,It's perfect ????.....just try work on the RAM,N/A,Samsung_A06
great,????????????????,N/A,Samsung_A06
Excellent,Perfect,N/A,Samsung_A06
Product,The descriptions are right,N/A,Samsung_A06
Good,Good quality for the price,N/A,Samsung_A06
Ram/Rom,Very good phone Long lasting battery and fast charging,N/A,Samsung_A06
I like it,It works perfectly,N/A,Samsung_A06
strong battery,I enjoyed using this phone,N/A,Samsung_A06
Phone is so sleek,Light weight and fast,N/A,Samsung_A06
Great phone,Amazing phone,N/A,Samsung_A06
Samsung at it's best,It's perfect ????.....just try work on the RAM,N/A,Samsung_A06
great,????????????????,N/A,Samsung_A06
Excellent,Perfect,N/A,Samsung_A06
Product,The descriptions are right,N/A,Samsung_A06
Good,Good quality for the price,N/A,Samsung_A06
Ram/Rom,Very good phone Long lasting battery and fast charging,N/A,Samsung_A06
I like it,It works perfectly,N/A,Samsung_A06
strong battery,I enjoyed using this phone,N/A,Samsung_A06
Phone is so sleek,Light weight and fast,N/A,Samsung_A06
Great phone,Amazing phone,N/A,Samsung_A06
Samsung at it's best,It's perfect ????.....just try work on the RAM,N/A,Samsung_A06
great,????????????????,N/A,Samsung_A06
Excellent,Perfect,N/A,Samsung_A06
Product,The descriptions are right,N/A,Samsung_A06
Good,Good quality for the price,N/A,Samsung_A06
Ram/Rom,Very good phone Long lasting battery and fast charging,N/A,Samsung_A06
I like it,It works perfectly,N/A,Samsung_A06
strong battery,I enjoyed using this phone,N/A,Samsung_A06
Phone is so sleek,Light weight and fast,N/A,Samsung_A06
Great phone,Amazing phone,N/A,Samsung_A06
Samsung at it's best,It's perfect ????.....just try work on the RAM,N/A,Samsung_A06
great,????????????????,N/A,Samsung_A06
Excellent,Perfect,N/A,Samsung_A06
Product,The descriptions are right,N/A,Samsung_A06
Good,Good quality for the price,N/A,Samsung_A06
Ram/Rom,Very good phone Long lasting battery and fast charging,N/A,Samsung_A06
I like it,It works perfectly,N/A,Samsung_A06
strong battery,I enjoyed using this phone,N/A,Samsung_A06
Phone is so sleek,Light weight and fast,N/A,Samsung_A06
Great phone,Amazing phone,N/A,Samsung_A06
Samsung at it's best,It's perfect ????.....just try work on the RAM,N/A,Samsung_A06
great,????????????????,N/A,Samsung_A06
Excellent,Perfect,N/A,Samsung_A06
Product,The descriptions are right,N/A,Samsung_A06
Good,Good quality for the price,N/A,Samsung_A06
Ram/Rom,Very good phone Long lasting battery and fast charging,N/A,Samsung_A06
I like it,It works perfectly,N/A,Samsung_A06
strong battery,I enjoyed using this phone,N/A,Samsung_A06
Phone is so sleek,Light weight and fast,N/A,Samsung_A06
Great phone,Amazing phone,N/A,Samsung_A06
Samsung at it's best,It's perfect ????.....just try work on the RAM,N/A,Samsung_A06
great,????????????????,N/A,Samsung_A06
Excellent,Perfect,N/A,Samsung_A06
Product,The descriptions are right,N/A,Samsung_A06
Good,Good quality for the price,N/A,Samsung_A06
Ram/Rom,Very good phone Long lasting battery and fast charging,N/A,Samsung_A06
I like it,It works perfectly,N/A,Samsung_A06
strong battery,I enjoyed using this phone,N/A,Samsung_A06
Phone is so sleek,Light weight and fast,N/A,Samsung_A06
Great phone,Amazing phone,N/A,Samsung_A06
Samsung at it's best,It's perfect ????.....just try work on the RAM,N/A,Samsung_A06
great,????????????????,N/A,Samsung_A06
Excellent,Perfect,N/A,Samsung_A06
Product,The descriptions are right,N/A,Samsung_A06
Good,Good quality for the price,N/A,Samsung_A06
Ram/Rom,Very good phone Long lasting battery and fast charging,N/A,Samsung_A06
I like it,It works perfectly,N/A,Samsung_A06
strong battery,I enjoyed using this phone,N/A,Samsung_A06
Phone is so sleek,Light weight and fast,N/A,Samsung_A06
Great phone,Amazing phone,N/A,Samsung_A06
Samsung at it's best,It's perfect ????.....just try work on the RAM,N/A,Samsung_A06
great,????????????????,N/A,Samsung_A06
Excellent,Perfect,N/A,Samsung_A06
Product,The descriptions are right,N/A,Samsung_A06
Good,Good quality for the price,N/A,Samsung_A06
Ram/Rom,Very good phone Long lasting battery and fast charging,N/A,Samsung_A06
I like it,It works perfectly,N/A,Samsung_A06
strong battery,I enjoyed using this phone,N/A,Samsung_A06
Phone is so sleek,Light weight and fast,N/A,Samsung_A06
Great phone,Amazing phone,N/A,Samsung_A06
Samsung at it's best,It's perfect ????.....just try work on the RAM,N/A,Samsung_A06
great,????????????????,N/A,Samsung_A06
Excellent,Perfect,N/A,Samsung_A06
Product,The descriptions are right,N/A,Samsung_A06
Good,Good quality for the price,N/A,Samsung_A06
Ram/Rom,Very good phone Long lasting battery and fast charging,N/A,Samsung_A06
I like it,It works perfectly,N/A,Samsung_A06
strong battery,I enjoyed using this phone,N/A,Samsung_A06
Phone is so sleek,Light weight and fast,N/A,Samsung_A06
Great phone,Amazing phone,N/A,Samsung_A06
Samsung at it's best,It's perfect ????.....just try work on the RAM,N/A,Samsung_A06
great,????????????????,N/A,Samsung_A06
Excellent,Perfect,N/A,Samsung_A06
Product,The descriptions are right,N/A,Samsung_A06
Good,Good quality for the price,N/A,Samsung_A06
Ram/Rom,Very good phone Long lasting battery and fast charging,N/A,Samsung_A06
I like it,It works perfectly,N/A,Samsung_A06
strong battery,I enjoyed using this phone,N/A,Samsung_A06
Phone is so sleek,Light weight and fast,N/A,Samsung_A06
Great phone,Amazing phone,N/A,Samsung_A06
Samsung at it's best,It's perfect ????.....just try work on the RAM,N/A,Samsung_A06
great,????????????????,N/A,Samsung_A06
Excellent,Perfect,N/A,Samsung_A06
Product,The descriptions are right,N/A,Samsung_A06
Good,Good quality for the price,N/A,Samsung_A06
Ram/Rom,Very good phone Long lasting battery and fast charging,N/A,Samsung_A06
I like it,It works perfectly,N/A,Samsung_A06
strong battery,I enjoyed using this phone,N/A,Samsung_A06
Phone is so sleek,Light weight and fast,N/A,Samsung_A06
Great phone,Amazing phone,N/A,Samsung_A06
Samsung at it's best,It's perfect ????.....just try work on the RAM,N/A,Samsung_A06
great,????????????????,N/A,Samsung_A06
Excellent,Perfect,N/A,Samsung_A06
Product,The descriptions are right,N/A,Samsung_A06
Good,Good quality for the price,N/A,Samsung_A06
Ram/Rom,Very good phone Long lasting battery and fast charging,N/A,Samsung_A06
I like it,It works perfectly,N/A,Samsung_A06
strong battery,I enjoyed using this phone,N/A,Samsung_A06
Phone is so sleek,Light weight and fast,N/A,Samsung_A06
Great phone,Amazing phone,N/A,Samsung_A06
Samsung at it's best,It's perfect ????.....just try work on the RAM,N/A,Samsung_A06
great,????????????????,N/A,Samsung_A06
Excellent,Perfect,N/A,Samsung_A06
Product,The descriptions are right,N/A,Samsung_A06
Good,Good quality for the price,N/A,Samsung_A06
Ram/Rom,Very good phone Long lasting battery and fast charging,N/A,Samsung_A06
I like it,It works perfectly,N/A,Samsung_A06
strong battery,I enjoyed using this phone,N/A,Samsung_A06
Phone is so sleek,Light weight and fast,N/A,Samsung_A06
Great phone,Amazing phone,N/A,Samsung_A06
Samsung at it's best,It's perfect ????.....just try work on the RAM,N/A,Samsung_A06
great,????????????????,N/A,Samsung_A06
Excellent,Perfect,N/A,Samsung_A06
Product,The descriptions are right,N/A,Samsung_A06
Good,Good quality for the price,N/A,Samsung_A06
Ram/Rom,Very good phone Long lasting battery and fast charging,N/A,Samsung_A06
I like it,It works perfectly,N/A,Samsung_A06
strong battery,I enjoyed using this phone,N/A,Samsung_A06
Phone is so sleek,Light weight and fast,N/A,Samsung_A06
Great phone,Amazing phone,N/A,Samsung_A06
Samsung at it's best,It's perfect ????.....just try work on the RAM,N/A,Samsung_A06
great,????????????????,N/A,Samsung_A06
Excellent,Perfect,N/A,Samsung_A06
Product,The descriptions are right,N/A,Samsung_A06
Good,Good quality for the price,N/A,Samsung_A06
Ram/Rom,Very good phone Long lasting battery and fast charging,N/A,Samsung_A06
I like it,It works perfectly,N/A,Samsung_A06
strong battery,I enjoyed using this phone,N/A,Samsung_A06
Phone is so sleek,Light weight and fast,N/A,Samsung_A06
Great phone,Amazing phone,N/A,Samsung_A06
Samsung at it's best,It's perfect ????.....just try work on the RAM,N/A,Samsung_A06
great,????????????????,N/A,Samsung_A06
Excellent,Perfect,N/A,Samsung_A06
Product,The descriptions are right,N/A,Samsung_A06
Good,Good quality for the price,N/A,Samsung_A06
Ram/Rom,Very good phone Long lasting battery and fast charging,N/A,Samsung_A06
I like it,It works perfectly,N/A,Samsung_A06
strong battery,I enjoyed using this phone,N/A,Samsung_A06
Phone is so sleek,Light weight and fast,N/A,Samsung_A06
Great phone,Amazing phone,N/A,Samsung_A06
Samsung at it's best,It's perfect ????.....just try work on the RAM,N/A,Samsung_A06
great,????????????????,N/A,Samsung_A06
Excellent,Perfect,N/A,Samsung_A06
Product,The descriptions are right,N/A,Samsung_A06
Good,Good quality for the price,N/A,Samsung_A06
Ram/Rom,Very good phone Long lasting battery and fast charging,N/A,Samsung_A06
I like it,It works perfectly,N/A,Samsung_A06
strong battery,I enjoyed using this phone,N/A,Samsung_A06
Phone is so sleek,Light weight and fast,N/A,Samsung_A06
Great phone,Amazing phone,N/A,Samsung_A06
Samsung at it's best,It's perfect ????.....just try work on the RAM,N/A,Samsung_A06
great,????????????????,N/A,Samsung_A06
Excellent,Perfect,N/A,Samsung_A06
Product,The descriptions are right,N/A,Samsung_A06
Good,Good quality for the price,N/A,Samsung_A06
Ram/Rom,Very good phone Long lasting battery and fast charging,N/A,Samsung_A06
I like it,It works perfectly,N/A,Samsung_A06
strong battery,I enjoyed using this phone,N/A,Samsung_A06
Phone is so sleek,Light weight and fast,N/A,Samsung_A06
Great phone,Amazing phone,N/A,Samsung_A06
Samsung at it's best,It's perfect ????.....just try work on the RAM,N/A,Samsung_A06
great,????????????????,N/A,Samsung_A06
Excellent,Perfect,N/A,Samsung_A06
Product,The descriptions are right,N/A,Samsung_A06
Good,Good quality for the price,N/A,Samsung_A06
Ram/Rom,Very good phone Long lasting battery and fast charging,N/A,Samsung_A06
I like it,It works perfectly,N/A,Samsung_A06
strong battery,I enjoyed using this phone,N/A,Samsung_A06
Phone is so sleek,Light weight and fast,N/A,Samsung_A06
Great phone,Amazing phone,N/A,Samsung_A06
Samsung at it's best,It's perfect ????.....just try work on the RAM,N/A,Samsung_A06
great,????????????????,N/A,Samsung_A06
Excellent,Perfect,N/A,Samsung_A06
Product,The descriptions are right,N/A,Samsung_A06
Good,Good quality for the price,N/A,Samsung_A06
Ram/Rom,Very good phone Long lasting battery and fast charging,N/A,Samsung_A06
I like it,It works perfectly,N/A,Samsung_A06
strong battery,I enjoyed using this phone,N/A,Samsung_A06
Phone is so sleek,Light weight and fast,N/A,Samsung_A06
Great phone,Amazing phone,N/A,Samsung_A06
Samsung at it's best,It's perfect ????.....just try work on the RAM,N/A,Samsung_A06
great,????????????????,N/A,Samsung_A06
Excellent,Perfect,N/A,Samsung_A06
Product,The descriptions are right,N/A,Samsung_A06
Good,Good quality for the price,N/A,Samsung_A06
Ram/Rom,Very good phone Long lasting battery and fast charging,N/A,Samsung_A06
I like it,It works perfectly,N/A,Samsung_A06
strong battery,I enjoyed using this phone,N/A,Samsung_A06
Phone is so sleek,Light weight and fast,N/A,Samsung_A06
Great phone,Amazing phone,N/A,Samsung_A06
Samsung at it's best,It's perfect ????.....just try work on the RAM,N/A,Samsung_A06
great,????????????????,N/A,Samsung_A06
Excellent,Perfect,N/A,Samsung_A06
Product,The descriptions are right,N/A,Samsung_A06
Good,Good quality for the price,N/A,Samsung_A06
Ram/Rom,Very good phone Long lasting battery and fast charging,N/A,Samsung_A06
I like it,It works perfectly,N/A,Samsung_A06
strong battery,I enjoyed using this phone,N/A,Samsung_A06
Phone is so sleek,Light weight and fast,N/A,Samsung_A06
Great phone,Amazing phone,N/A,Samsung_A06
Samsung at it's best,It's perfect ????.....just try work on the RAM,N/A,Samsung_A06
great,????????????????,N/A,Samsung_A06
Excellent,Perfect,N/A,Samsung_A06
Product,The descriptions are right,N/A,Samsung_A06
Good,Good quality for the price,N/A,Samsung_A06
Ram/Rom,Very good phone Long lasting battery and fast charging,N/A,Samsung_A06
I like it,It works perfectly,N/A,Samsung_A06
strong battery,I enjoyed using this phone,N/A,Samsung_A06
Phone is so sleek,Light weight and fast,N/A,Samsung_A06
Great phone,Amazing phone,N/A,Samsung_A06
Samsung at it's best,It's perfect ????.....just try work on the RAM,N/A,Samsung_A06
great,????????????????,N/A,Samsung_A06
Excellent,Perfect,N/A,Samsung_A06
Product,The descriptions are right,N/A,Samsung_A06
Good,Good quality for the price,N/A,Samsung_A06
Ram/Rom,Very good phone Long lasting battery and fast charging,N/A,Samsung_A06
I like it,It works perfectly,N/A,Samsung_A06
strong battery,I enjoyed using this phone,N/A,Samsung_A06
Phone is so sleek,Light weight and fast,N/A,Samsung_A06
Great phone,Amazing phone,N/A,Samsung_A06
Samsung at it's best,It's perfect ????.....just try work on the RAM,N/A,Samsung_A06
great,????????????????,N/A,Samsung_A06
Excellent,Perfect,N/A,Samsung_A06
Product,The descriptions are right,N/A,Samsung_A06
Good,Good quality for the price,N/A,Samsung_A06
Ram/Rom,Very good phone Long lasting battery and fast charging,N/A,Samsung_A06
I like it,It works perfectly,N/A,Samsung_A06
strong battery,I enjoyed using this phone,N/A,Samsung_A06
Phone is so sleek,Light weight and fast,N/A,Samsung_A06
Great phone,Amazing phone,N/A,Samsung_A06
Samsung at it's best,It's perfect ????.....just try work on the RAM,N/A,Samsung_A06
great,????????????????,N/A,Samsung_A06
Excellent,Perfect,N/A,Samsung_A06
Product,The descriptions are right,N/A,Samsung_A06
Good,Good quality for the price,N/A,Samsung_A06
Ram/Rom,Very good phone Long lasting battery and fast charging,N/A,Samsung_A06
I like it,It works perfectly,N/A,Samsung_A06
strong battery,I enjoyed using this phone,N/A,Samsung_A06
Phone is so sleek,Light weight and fast,N/A,Samsung_A06
Great phone,Amazing phone,N/A,Samsung_A06
Samsung at it's best,It's perfect ????.....just try work on the RAM,N/A,Samsung_A06
great,????????????????,N/A,Samsung_A06
Excellent,Perfect,N/A,Samsung_A06
Product,The descriptions are right,N/A,Samsung_A06
Good,Good quality for the price,N/A,Samsung_A06
Ram/Rom,Very good phone Long lasting battery and fast charging,N/A,Samsung_A06
I like it,It works perfectly,N/A,Samsung_A06
strong battery,I enjoyed using this phone,N/A,Samsung_A06
Phone is so sleek,Light weight and fast,N/A,Samsung_A06
verygood,It was very nice,N/A,Samsung_A06
Sleek,very fine worth the buy,N/A,Samsung_A06
I like it,No real hassle for now,N/A,Samsung_A06
Good product,Good battery life,N/A,Samsung_A06
The Best has no Alternative,Working perfectly. A good gift for myself,N/A,Samsung_A06
Great,It's what it is,N/A,Samsung_A06
It's really good,It is really fast,N/A,Samsung_A06
perfect,"Working perfectly fine, I love",N/A,Samsung_A06
Everything,The phone is nice. Just as seen????,N/A,Samsung_A06
ok product,Love the fast charging,N/A,Samsung_A06
Great phone,Amazing phone,N/A,Samsung_A06
Samsung at it's best,It's perfect ????.....just try work on the RAM,N/A,Samsung_A06
great,????????????????,N/A,Samsung_A06
Excellent,Perfect,N/A,Samsung_A06
Product,The descriptions are right,N/A,Samsung_A06
Good,Good quality for the price,N/A,Samsung_A06
Ram/Rom,Very good phone Long lasting battery and fast charging,N/A,Samsung_A06
I like it,It works perfectly,N/A,Samsung_A06
strong battery,I enjoyed using this phone,N/A,Samsung_A06
Phone is so sleek,Light weight and fast,N/A,Samsung_A06
Great phone,Amazing phone,N/A,Samsung_A06
Samsung at it's best,It's perfect ????.....just try work on the RAM,N/A,Samsung_A06
great,????????????????,N/A,Samsung_A06
Excellent,Perfect,N/A,Samsung_A06
Product,The descriptions are right,N/A,Samsung_A06
Good,Good quality for the price,N/A,Samsung_A06
Ram/Rom,Very good phone Long lasting battery and fast charging,N/A,Samsung_A06
I like it,It works perfectly,N/A,Samsung_A06
strong battery,I enjoyed using this phone,N/A,Samsung_A06
Phone is so sleek,Light weight and fast,N/A,Samsung_A06
Great phone,Amazing phone,N/A,Samsung_A06
Samsung at it's best,It's perfect ????.....just try work on the RAM,N/A,Samsung_A06
great,????????????????,N/A,Samsung_A06
Excellent,Perfect,N/A,Samsung_A06
Product,The descriptions are right,N/A,Samsung_A06
Good,Good quality for the price,N/A,Samsung_A06
Ram/Rom,Very good phone Long lasting battery and fast charging,N/A,Samsung_A06
I like it,It works perfectly,N/A,Samsung_A06
strong battery,I enjoyed using this phone,N/A,Samsung_A06
Phone is so sleek,Light weight and fast,N/A,Samsung_A06
Great phone,Amazing phone,N/A,Samsung_A06
Samsung at it's best,It's perfect ????.....just try work on the RAM,N/A,Samsung_A06
great,????????????????,N/A,Samsung_A06
Excellent,Perfect,N/A,Samsung_A06
Product,The descriptions are right,N/A,Samsung_A06
Good,Good quality for the price,N/A,Samsung_A06
Ram/Rom,Very good phone Long lasting battery and fast charging,N/A,Samsung_A06
I like it,It works perfectly,N/A,Samsung_A06
strong battery,I enjoyed using this phone,N/A,Samsung_A06
Phone is so sleek,Light weight and fast,N/A,Samsung_A06
Great phone,Amazing phone,N/A,Samsung_A06
Samsung at it's best,It's perfect ????.....just try work on the RAM,N/A,Samsung_A06
great,????????????????,N/A,Samsung_A06
Excellent,Perfect,N/A,Samsung_A06
Product,The descriptions are right,N/A,Samsung_A06
Good,Good quality for the price,N/A,Samsung_A06
Ram/Rom,Very good phone Long lasting battery and fast charging,N/A,Samsung_A06
I like it,It works perfectly,N/A,Samsung_A06
strong battery,I enjoyed using this phone,N/A,Samsung_A06
Phone is so sleek,Light weight and fast,N/A,Samsung_A06
Great phone,Amazing phone,N/A,Samsung_A06
Samsung at it's best,It's perfect ????.....just try work on the RAM,N/A,Samsung_A06
great,????????????????,N/A,Samsung_A06
Excellent,Perfect,N/A,Samsung_A06
Product,The descriptions are right,N/A,Samsung_A06
Good,Good quality for the price,N/A,Samsung_A06
Ram/Rom,Very good phone Long lasting battery and fast charging,N/A,Samsung_A06
I like it,It works perfectly,N/A,Samsung_A06
strong battery,I enjoyed using this phone,N/A,Samsung_A06
Phone is so sleek,Light weight and fast,N/A,Samsung_A06
Great phone,Amazing phone,N/A,Samsung_A06
Samsung at it's best,It's perfect ????.....just try work on the RAM,N/A,Samsung_A06
great,????????????????,N/A,Samsung_A06
Excellent,Perfect,N/A,Samsung_A06
Product,The descriptions are right,N/A,Samsung_A06
Good,Good quality for the price,N/A,Samsung_A06
Ram/Rom,Very good phone Long lasting battery and fast charging,N/A,Samsung_A06
I like it,It works perfectly,N/A,Samsung_A06
strong battery,I enjoyed using this phone,N/A,Samsung_A06
Phone is so sleek,Light weight and fast,N/A,Samsung_A06
Great phone,Amazing phone,N/A,Samsung_A06
Samsung at it's best,It's perfect ????.....just try work on the RAM,N/A,Samsung_A06
great,????????????????,N/A,Samsung_A06
Excellent,Perfect,N/A,Samsung_A06
Product,The descriptions are right,N/A,Samsung_A06
Good,Good quality for the price,N/A,Samsung_A06
Ram/Rom,Very good phone Long lasting battery and fast charging,N/A,Samsung_A06
I like it,It works perfectly,N/A,Samsung_A06
strong battery,I enjoyed using this phone,N/A,Samsung_A06
Phone is so sleek,Light weight and fast,N/A,Samsung_A06
Great phone,Amazing phone,N/A,Samsung_A06
Samsung at it's best,It's perfect ????.....just try work on the RAM,N/A,Samsung_A06
great,????????????????,N/A,Samsung_A06
Excellent,Perfect,N/A,Samsung_A06
Product,The descriptions are right,N/A,Samsung_A06
Good,Good quality for the price,N/A,Samsung_A06
Ram/Rom,Very good phone Long lasting battery and fast charging,N/A,Samsung_A06
I like it,It works perfectly,N/A,Samsung_A06
strong battery,I enjoyed using this phone,N/A,Samsung_A06
Phone is so sleek,Light weight and fast,N/A,Samsung_A06
Great phone,Amazing phone,N/A,Samsung_A06
Samsung at it's best,It's perfect ????.....just try work on the RAM,N/A,Samsung_A06
great,????????????????,N/A,Samsung_A06
Excellent,Perfect,N/A,Samsung_A06
Product,The descriptions are right,N/A,Samsung_A06
Good,Good quality for the price,N/A,Samsung_A06
Ram/Rom,Very good phone Long lasting battery and fast charging,N/A,Samsung_A06
I like it,It works perfectly,N/A,Samsung_A06
strong battery,I enjoyed using this phone,N/A,Samsung_A06
Phone is so sleek,Light weight and fast,N/A,Samsung_A06
Great phone,Amazing phone,N/A,Samsung_A06
Samsung at it's best,It's perfect ????.....just try work on the RAM,N/A,Samsung_A06
great,????????????????,N/A,Samsung_A06
Excellent,Perfect,N/A,Samsung_A06
Product,The descriptions are right,N/A,Samsung_A06
Good,Good quality for the price,N/A,Samsung_A06
Ram/Rom,Very good phone Long lasting battery and fast charging,N/A,Samsung_A06
I like it,It works perfectly,N/A,Samsung_A06
strong battery,I enjoyed using this phone,N/A,Samsung_A06
Phone is so sleek,Light weight and fast,N/A,Samsung_A06
Great phone,Amazing phone,N/A,Samsung_A06
Samsung at it's best,It's perfect ????.....just try work on the RAM,N/A,Samsung_A06
great,????????????????,N/A,Samsung_A06
Excellent,Perfect,N/A,Samsung_A06
Product,The descriptions are right,N/A,Samsung_A06
Good,Good quality for the price,N/A,Samsung_A06
Ram/Rom,Very good phone Long lasting battery and fast charging,N/A,Samsung_A06
I like it,It works perfectly,N/A,Samsung_A06
strong battery,I enjoyed using this phone,N/A,Samsung_A06
Phone is so sleek,Light weight and fast,N/A,Samsung_A06
Great phone,Amazing phone,N/A,Samsung_A06
Samsung at it's best,It's perfect ????.....just try work on the RAM,N/A,Samsung_A06
great,????????????????,N/A,Samsung_A06
Excellent,Perfect,N/A,Samsung_A06
Product,The descriptions are right,N/A,Samsung_A06
Good,Good quality for the price,N/A,Samsung_A06
Ram/Rom,Very good phone Long lasting battery and fast charging,N/A,Samsung_A06
I like it,It works perfectly,N/A,Samsung_A06
strong battery,I enjoyed using this phone,N/A,Samsung_A06
Phone is so sleek,Light weight and fast,N/A,Samsung_A06
Great phone,Amazing phone,N/A,Samsung_A06
Samsung at it's best,It's perfect ????.....just try work on the RAM,N/A,Samsung_A06
great,????????????????,N/A,Samsung_A06
Excellent,Perfect,N/A,Samsung_A06
Product,The descriptions are right,N/A,Samsung_A06
Good,Good quality for the price,N/A,Samsung_A06
Ram/Rom,Very good phone Long lasting battery and fast charging,N/A,Samsung_A06
I like it,It works perfectly,N/A,Samsung_A06
strong battery,I enjoyed using this phone,N/A,Samsung_A06
Phone is so sleek,Light weight and fast,N/A,Samsung_A06
Great phone,Amazing phone,N/A,Samsung_A06
Samsung at it's best,It's perfect ????.....just try work on the RAM,N/A,Samsung_A06
great,????????????????,N/A,Samsung_A06
Excellent,Perfect,N/A,Samsung_A06
Product,The descriptions are right,N/A,Samsung_A06
Good,Good quality for the price,N/A,Samsung_A06
Ram/Rom,Very good phone Long lasting battery and fast charging,N/A,Samsung_A06
I like it,It works perfectly,N/A,Samsung_A06
strong battery,I enjoyed using this phone,N/A,Samsung_A06
Phone is so sleek,Light weight and fast,N/A,Samsung_A06
Great phone,Amazing phone,N/A,Samsung_A06
Samsung at it's best,It's perfect ????.....just try work on the RAM,N/A,Samsung_A06
great,????????????????,N/A,Samsung_A06
Excellent,Perfect,N/A,Samsung_A06
Product,The descriptions are right,N/A,Samsung_A06
Good,Good quality for the price,N/A,Samsung_A06
Ram/Rom,Very good phone Long lasting battery and fast charging,N/A,Samsung_A06
I like it,It works perfectly,N/A,Samsung_A06
strong battery,I enjoyed using this phone,N/A,Samsung_A06
Phone is so sleek,Light weight and fast,N/A,Samsung_A06
Great phone,Amazing phone,N/A,Samsung_A06
Samsung at it's best,It's perfect ????.....just try work on the RAM,N/A,Samsung_A06
great,????????????????,N/A,Samsung_A06
Excellent,Perfect,N/A,Samsung_A06
Product,The descriptions are right,N/A,Samsung_A06
Good,Good quality for the price,N/A,Samsung_A06
Ram/Rom,Very good phone Long lasting battery and fast charging,N/A,Samsung_A06
I like it,It works perfectly,N/A,Samsung_A06
strong battery,I enjoyed using this phone,N/A,Samsung_A06
Phone is so sleek,Light weight and fast,N/A,Samsung_A06
Great phone,Amazing phone,N/A,Samsung_A06
Samsung at it's best,It's perfect ????.....just try work on the RAM,N/A,Samsung_A06
great,????????????????,N/A,Samsung_A06
Excellent,Perfect,N/A,Samsung_A06
Product,The descriptions are right,N/A,Samsung_A06
Good,Good quality for the price,N/A,Samsung_A06
Ram/Rom,Very good phone Long lasting battery and fast charging,N/A,Samsung_A06
I like it,It works perfectly,N/A,Samsung_A06
strong battery,I enjoyed using this phone,N/A,Samsung_A06
Phone is so sleek,Light weight and fast,N/A,Samsung_A06
Great phone,Amazing phone,N/A,Samsung_A06
Samsung at it's best,It's perfect ????.....just try work on the RAM,N/A,Samsung_A06
great,????????????????,N/A,Samsung_A06
Excellent,Perfect,N/A,Samsung_A06
Product,The descriptions are right,N/A,Samsung_A06
Good,Good quality for the price,N/A,Samsung_A06
Ram/Rom,Very good phone Long lasting battery and fast charging,N/A,Samsung_A06
I like it,It works perfectly,N/A,Samsung_A06
strong battery,I enjoyed using this phone,N/A,Samsung_A06
Phone is so sleek,Light weight and fast,N/A,Samsung_A06
Great phone,Amazing phone,N/A,Samsung_A06
Samsung at it's best,It's perfect ????.....just try work on the RAM,N/A,Samsung_A06
great,????????????????,N/A,Samsung_A06
Excellent,Perfect,N/A,Samsung_A06
Product,The descriptions are right,N/A,Samsung_A06
Good,Good quality for the price,N/A,Samsung_A06
Ram/Rom,Very good phone Long lasting battery and fast charging,N/A,Samsung_A06
I like it,It works perfectly,N/A,Samsung_A06
strong battery,I enjoyed using this phone,N/A,Samsung_A06
Phone is so sleek,Light weight and fast,N/A,Samsung_A06
Great phone,Amazing phone,N/A,Samsung_A06
Samsung at it's best,It's perfect ????.....just try work on the RAM,N/A,Samsung_A06
great,????????????????,N/A,Samsung_A06
Excellent,Perfect,N/A,Samsung_A06
Product,The descriptions are right,N/A,Samsung_A06
Good,Good quality for the price,N/A,Samsung_A06
Ram/Rom,Very good phone Long lasting battery and fast charging,N/A,Samsung_A06
I like it,It works perfectly,N/A,Samsung_A06
strong battery,I enjoyed using this phone,N/A,Samsung_A06
Phone is so sleek,Light weight and fast,N/A,Samsung_A06
I like it,Is a good product,N/A,Tecno_POP10
i like the build,Nice display,N/A,Tecno_POP10
the phone is slow is operating,The phone is slow in operating,N/A,Tecno_POP10
I love it,Beautiful ????,N/A,Tecno_POP10
Performance,I love it,N/A,Tecno_POP10
Excllent,Very good and light... Keep it up...,N/A,Tecno_POP10
Nice buy,Couldn't use the free gift data attached,N/A,Tecno_POP10
Good camera too,Good phone,N/A,Tecno_POP10
I like it,It's nice ....and it's a quality phone I would recommend....,N/A,Tecno_POP10
NICE,"It's a lovely budget phone, it really serves its purpose",N/A,Tecno_POP10
I like it,The is exactly as the one I ordered in the description.,N/A,Tecno_POP10
improve your battery,Battery no too strong,N/A,Tecno_POP10
I like it,So good and somoth,N/A,Tecno_POP10
It’s great,It’s durable and last longer for the battery life span,N/A,Tecno_POP10
The camera,The phone is perfect....I love everything about it,N/A,Tecno_POP10
phone,I love the texture of the color,N/A,Tecno_POP10
What a good package,It works well and come as expected,N/A,Tecno_POP10
I love it!,I love it!,N/A,Tecno_POP10
Love ???? it,Very good ????,N/A,Tecno_POP10
good product,Internet connection is weak,N/A,Tecno_POP10
I like it,Perfect,N/A,Tecno_POP10
amazing product,It's very good ???? and it's what I offer for,N/A,Tecno_POP10
is good,Good,N/A,Tecno_POP10
I like the phone,"The phone is good, fast finger print sensor and very light not too havy, I really love it",N/A,Tecno_POP10
it is good,The person I bought the phone for liked it he was happy,N/A,Tecno_POP10
Cool,Working perfectly,N/A,Tecno_POP10
good phone,Phone works dine,N/A,Tecno_POP10
tecno pop10,I like everything work perfectly,N/A,Tecno_POP10
tecno pop10,I like everything work perfectly,N/A,Tecno_POP10
I love it.,Great product!,N/A,Tecno_POP10
great,Great,N/A,Tecno_POP10
Quality Product,"I love the phone so much, the battery is very strong, I just enjoy everything about the phone, I will be getting it for my family too..",N/A,Tecno_POP10
It’s always hanging,It’s so bad,N/A,Tecno_POP10
good and fast,Excellent,N/A,Tecno_POP10
Good average,"Fast internet , smooth operation",N/A,Tecno_POP10
Because you dont disappoint,It's absolutely gorgeous,N/A,Tecno_POP10
Good product,The phone is working well,N/A,Tecno_POP10
I like it!,"Seen as prescribed what I ordered what I got, the phone is really nice and working perfectly!",N/A,Tecno_POP10
good phone,I bought it for my girl and so much love the phone,N/A,Tecno_POP10
Very efficient,The product is top notch aside the storage specifications and the camera has to be the best I have seen from Android ever,N/A,Tecno_POP10
Always hanging,"Phone always lags and hangs, I do not recommend",N/A,Tecno_POP10
fair price,It's a good product for a starter. No much expectations ????,N/A,Tecno_POP10
Very Good,I love everything about it????,N/A,Tecno_POP10
The camera,Working perfectly no issues with it,N/A,Tecno_POP10
good product,Top notch device,N/A,Tecno_POP10
good product,It works fine,N/A,Tecno_POP10
great device,Works perfectly,N/A,Tecno_POP10
For now I really love it,For now I really love it,N/A,Tecno_POP10
Good phone,Worth the price,N/A,Tecno_POP10
very fast,The slim and the smoothness.,N/A,Tecno_POP10
very good,The battery is just like power bank,N/A,Tecno_POP10
It's good,The phone works fine,N/A,Tecno_POP10
Nice,Nice phone,N/A,Tecno_POP10
smart,"Everything about it, is lite. ... Especially the cam",N/A,Tecno_POP10
perfect,Perfect,N/A,Tecno_POP10
lovelyfor the price,"My customer loves it, this is the second time I'm buying",N/A,Tecno_POP10
"very light, and it perform beyond expectation",Very past,N/A,Tecno_POP10
Nice phone,The phone is good,N/A,Tecno_POP10
Nice phone,"The phone is nice, I bought it for my aunty a week ago and she didn't have any complaints since then...",N/A,Tecno_POP10
love it,It's 4.5gb not 3gb,N/A,Tecno_POP10
I like it,Is a good product,N/A,Tecno_POP10
i like the build,Nice display,N/A,Tecno_POP10
the phone is slow is operating,The phone is slow in operating,N/A,Tecno_POP10
I love it,Beautiful ????,N/A,Tecno_POP10
Performance,I love it,N/A,Tecno_POP10
Excllent,Very good and light... Keep it up...,N/A,Tecno_POP10
Nice buy,Couldn't use the free gift data attached,N/A,Tecno_POP10
Good camera too,Good phone,N/A,Tecno_POP10
I like it,It's nice ....and it's a quality phone I would recommend....,N/A,Tecno_POP10
NICE,"It's a lovely budget phone, it really serves its purpose",N/A,Tecno_POP10
I like it,Is a good product,N/A,Tecno_POP10
i like the build,Nice display,N/A,Tecno_POP10
the phone is slow is operating,The phone is slow in operating,N/A,Tecno_POP10
I love it,Beautiful ????,N/A,Tecno_POP10
Performance,I love it,N/A,Tecno_POP10
Excllent,Very good and light... Keep it up...,N/A,Tecno_POP10
Nice buy,Couldn't use the free gift data attached,N/A,Tecno_POP10
Good camera too,Good phone,N/A,Tecno_POP10
I like it,It's nice ....and it's a quality phone I would recommend....,N/A,Tecno_POP10
NICE,"It's a lovely budget phone, it really serves its purpose",N/A,Tecno_POP10
I like it,Is a good product,N/A,Tecno_POP10
i like the build,Nice display,N/A,Tecno_POP10
the phone is slow is operating,The phone is slow in operating,N/A,Tecno_POP10
I love it,Beautiful ????,N/A,Tecno_POP10
Performance,I love it,N/A,Tecno_POP10
Excllent,Very good and light... Keep it up...,N/A,Tecno_POP10
Nice buy,Couldn't use the free gift data attached,N/A,Tecno_POP10
Good camera too,Good phone,N/A,Tecno_POP10
I like it,It's nice ....and it's a quality phone I would recommend....,N/A,Tecno_POP10
NICE,"It's a lovely budget phone, it really serves its purpose",N/A,Tecno_POP10
I like it,Is a good product,N/A,Tecno_POP10
i like the build,Nice display,N/A,Tecno_POP10
the phone is slow is operating,The phone is slow in operating,N/A,Tecno_POP10
I love it,Beautiful ????,N/A,Tecno_POP10
Performance,I love it,N/A,Tecno_POP10
Excllent,Very good and light... Keep it up...,N/A,Tecno_POP10
Nice buy,Couldn't use the free gift data attached,N/A,Tecno_POP10
Good camera too,Good phone,N/A,Tecno_POP10
I like it,It's nice ....and it's a quality phone I would recommend....,N/A,Tecno_POP10
NICE,"It's a lovely budget phone, it really serves its purpose",N/A,Tecno_POP10
I like it,Is a good product,N/A,Tecno_POP10
i like the build,Nice display,N/A,Tecno_POP10
the phone is slow is operating,The phone is slow in operating,N/A,Tecno_POP10
I love it,Beautiful ????,N/A,Tecno_POP10
Performance,I love it,N/A,Tecno_POP10
Excllent,Very good and light... Keep it up...,N/A,Tecno_POP10
Nice buy,Couldn't use the free gift data attached,N/A,Tecno_POP10
Good camera too,Good phone,N/A,Tecno_POP10
I like it,It's nice ....and it's a quality phone I would recommend....,N/A,Tecno_POP10
NICE,"It's a lovely budget phone, it really serves its purpose",N/A,Tecno_POP10
I like it,Is a good product,N/A,Tecno_POP10
i like the build,Nice display,N/A,Tecno_POP10
the phone is slow is operating,The phone is slow in operating,N/A,Tecno_POP10
I love it,Beautiful ????,N/A,Tecno_POP10
Performance,I love it,N/A,Tecno_POP10
Excllent,Very good and light... Keep it up...,N/A,Tecno_POP10
Nice buy,Couldn't use the free gift data attached,N/A,Tecno_POP10
Good camera too,Good phone,N/A,Tecno_POP10
I like it,It's nice ....and it's a quality phone I would recommend....,N/A,Tecno_POP10
NICE,"It's a lovely budget phone, it really serves its purpose",N/A,Tecno_POP10
I like it,Is a good product,N/A,Tecno_POP10
i like the build,Nice display,N/A,Tecno_POP10
the phone is slow is operating,The phone is slow in operating,N/A,Tecno_POP10
I love it,Beautiful ????,N/A,Tecno_POP10
Performance,I love it,N/A,Tecno_POP10
Excllent,Very good and light... Keep it up...,N/A,Tecno_POP10
Nice buy,Couldn't use the free gift data attached,N/A,Tecno_POP10
Good camera too,Good phone,N/A,Tecno_POP10
I like it,It's nice ....and it's a quality phone I would recommend....,N/A,Tecno_POP10
NICE,"It's a lovely budget phone, it really serves its purpose",N/A,Tecno_POP10
I like it,Is a good product,N/A,Tecno_POP10
i like the build,Nice display,N/A,Tecno_POP10
the phone is slow is operating,The phone is slow in operating,N/A,Tecno_POP10
I love it,Beautiful ????,N/A,Tecno_POP10
Performance,I love it,N/A,Tecno_POP10
Excllent,Very good and light... Keep it up...,N/A,Tecno_POP10
Nice buy,Couldn't use the free gift data attached,N/A,Tecno_POP10
Good camera too,Good phone,N/A,Tecno_POP10
I like it,It's nice ....and it's a quality phone I would recommend....,N/A,Tecno_POP10
NICE,"It's a lovely budget phone, it really serves its purpose",N/A,Tecno_POP10
I like it,Is a good product,N/A,Tecno_POP10
i like the build,Nice display,N/A,Tecno_POP10
the phone is slow is operating,The phone is slow in operating,N/A,Tecno_POP10
I love it,Beautiful ????,N/A,Tecno_POP10
Performance,I love it,N/A,Tecno_POP10
Excllent,Very good and light... Keep it up...,N/A,Tecno_POP10
Nice buy,Couldn't use the free gift data attached,N/A,Tecno_POP10
Good camera too,Good phone,N/A,Tecno_POP10
I like it,It's nice ....and it's a quality phone I would recommend....,N/A,Tecno_POP10
NICE,"It's a lovely budget phone, it really serves its purpose",N/A,Tecno_POP10
I like it,Is a good product,N/A,Tecno_POP10
i like the build,Nice display,N/A,Tecno_POP10
the phone is slow is operating,The phone is slow in operating,N/A,Tecno_POP10
I love it,Beautiful ????,N/A,Tecno_POP10
Performance,I love it,N/A,Tecno_POP10
Excllent,Very good and light... Keep it up...,N/A,Tecno_POP10
Nice buy,Couldn't use the free gift data attached,N/A,Tecno_POP10
Good camera too,Good phone,N/A,Tecno_POP10
I like it,It's nice ....and it's a quality phone I would recommend....,N/A,Tecno_POP10
NICE,"It's a lovely budget phone, it really serves its purpose",N/A,Tecno_POP10
I like it,Is a good product,N/A,Tecno_POP10
i like the build,Nice display,N/A,Tecno_POP10
the phone is slow is operating,The phone is slow in operating,N/A,Tecno_POP10
I love it,Beautiful ????,N/A,Tecno_POP10
Performance,I love it,N/A,Tecno_POP10
Excllent,Very good and light... Keep it up...,N/A,Tecno_POP10
Nice buy,Couldn't use the free gift data attached,N/A,Tecno_POP10
Good camera too,Good phone,N/A,Tecno_POP10
I like it,It's nice ....and it's a quality phone I would recommend....,N/A,Tecno_POP10
NICE,"It's a lovely budget phone, it really serves its purpose",N/A,Tecno_POP10
I like it,Is a good product,N/A,Tecno_POP10
i like the build,Nice display,N/A,Tecno_POP10
the phone is slow is operating,The phone is slow in operating,N/A,Tecno_POP10
I love it,Beautiful ????,N/A,Tecno_POP10
Performance,I love it,N/A,Tecno_POP10
Excllent,Very good and light... Keep it up...,N/A,Tecno_POP10
Nice buy,Couldn't use the free gift data attached,N/A,Tecno_POP10
Good camera too,Good phone,N/A,Tecno_POP10
I like it,It's nice ....and it's a quality phone I would recommend....,N/A,Tecno_POP10
NICE,"It's a lovely budget phone, it really serves its purpose",N/A,Tecno_POP10
I like it,Is a good product,N/A,Tecno_POP10
i like the build,Nice display,N/A,Tecno_POP10
the phone is slow is operating,The phone is slow in operating,N/A,Tecno_POP10
I love it,Beautiful ????,N/A,Tecno_POP10
Performance,I love it,N/A,Tecno_POP10
Excllent,Very good and light... Keep it up...,N/A,Tecno_POP10
Nice buy,Couldn't use the free gift data attached,N/A,Tecno_POP10
Good camera too,Good phone,N/A,Tecno_POP10
I like it,It's nice ....and it's a quality phone I would recommend....,N/A,Tecno_POP10
NICE,"It's a lovely budget phone, it really serves its purpose",N/A,Tecno_POP10
I like it,Is a good product,N/A,Tecno_POP10
i like the build,Nice display,N/A,Tecno_POP10
the phone is slow is operating,The phone is slow in operating,N/A,Tecno_POP10
I love it,Beautiful ????,N/A,Tecno_POP10
Performance,I love it,N/A,Tecno_POP10
Excllent,Very good and light... Keep it up...,N/A,Tecno_POP10
Nice buy,Couldn't use the free gift data attached,N/A,Tecno_POP10
Good camera too,Good phone,N/A,Tecno_POP10
I like it,It's nice ....and it's a quality phone I would recommend....,N/A,Tecno_POP10
NICE,"It's a lovely budget phone, it really serves its purpose",N/A,Tecno_POP10
I like it,Is a good product,N/A,Tecno_POP10
i like the build,Nice display,N/A,Tecno_POP10
the phone is slow is operating,The phone is slow in operating,N/A,Tecno_POP10
I love it,Beautiful ????,N/A,Tecno_POP10
Performance,I love it,N/A,Tecno_POP10
Excllent,Very good and light... Keep it up...,N/A,Tecno_POP10
Nice buy,Couldn't use the free gift data attached,N/A,Tecno_POP10
Good camera too,Good phone,N/A,Tecno_POP10
I like it,It's nice ....and it's a quality phone I would recommend....,N/A,Tecno_POP10
NICE,"It's a lovely budget phone, it really serves its purpose",N/A,Tecno_POP10
I like it,Is a good product,N/A,Tecno_POP10
i like the build,Nice display,N/A,Tecno_POP10
the phone is slow is operating,The phone is slow in operating,N/A,Tecno_POP10
I love it,Beautiful ????,N/A,Tecno_POP10
Performance,I love it,N/A,Tecno_POP10
Excllent,Very good and light... Keep it up...,N/A,Tecno_POP10
Nice buy,Couldn't use the free gift data attached,N/A,Tecno_POP10
Good camera too,Good phone,N/A,Tecno_POP10
I like it,It's nice ....and it's a quality phone I would recommend....,N/A,Tecno_POP10
NICE,"It's a lovely budget phone, it really serves its purpose",N/A,Tecno_POP10
I like it,Is a good product,N/A,Tecno_POP10
i like the build,Nice display,N/A,Tecno_POP10
the phone is slow is operating,The phone is slow in operating,N/A,Tecno_POP10
I love it,Beautiful ????,N/A,Tecno_POP10
Performance,I love it,N/A,Tecno_POP10
Excllent,Very good and light... Keep it up...,N/A,Tecno_POP10
Nice buy,Couldn't use the free gift data attached,N/A,Tecno_POP10
Good camera too,Good phone,N/A,Tecno_POP10
I like it,It's nice ....and it's a quality phone I would recommend....,N/A,Tecno_POP10
NICE,"It's a lovely budget phone, it really serves its purpose",N/A,Tecno_POP10
I like it,Is a good product,N/A,Tecno_POP10
i like the build,Nice display,N/A,Tecno_POP10
the phone is slow is operating,The phone is slow in operating,N/A,Tecno_POP10
I love it,Beautiful ????,N/A,Tecno_POP10
Performance,I love it,N/A,Tecno_POP10
Excllent,Very good and light... Keep it up...,N/A,Tecno_POP10
Nice buy,Couldn't use the free gift data attached,N/A,Tecno_POP10
Good camera too,Good phone,N/A,Tecno_POP10
I like it,It's nice ....and it's a quality phone I would recommend....,N/A,Tecno_POP10
NICE,"It's a lovely budget phone, it really serves its purpose",N/A,Tecno_POP10
I like it,Is a good product,N/A,Tecno_POP10
i like the build,Nice display,N/A,Tecno_POP10
the phone is slow is operating,The phone is slow in operating,N/A,Tecno_POP10
I love it,Beautiful ????,N/A,Tecno_POP10
Performance,I love it,N/A,Tecno_POP10
Excllent,Very good and light... Keep it up...,N/A,Tecno_POP10
Nice buy,Couldn't use the free gift data attached,N/A,Tecno_POP10
Good camera too,Good phone,N/A,Tecno_POP10
I like it,It's nice ....and it's a quality phone I would recommend....,N/A,Tecno_POP10
NICE,"It's a lovely budget phone, it really serves its purpose",N/A,Tecno_POP10
I like it,Is a good product,N/A,Tecno_POP10
i like the build,Nice display,N/A,Tecno_POP10
the phone is slow is operating,The phone is slow in operating,N/A,Tecno_POP10
I love it,Beautiful ????,N/A,Tecno_POP10
Performance,I love it,N/A,Tecno_POP10
Excllent,Very good and light... Keep it up...,N/A,Tecno_POP10
Nice buy,Couldn't use the free gift data attached,N/A,Tecno_POP10
Good camera too,Good phone,N/A,Tecno_POP10
I like it,It's nice ....and it's a quality phone I would recommend....,N/A,Tecno_POP10
NICE,"It's a lovely budget phone, it really serves its purpose",N/A,Tecno_POP10
I like it,Is a good product,N/A,Tecno_POP10
i like the build,Nice display,N/A,Tecno_POP10
the phone is slow is operating,The phone is slow in operating,N/A,Tecno_POP10
I love it,Beautiful ????,N/A,Tecno_POP10
Performance,I love it,N/A,Tecno_POP10
Excllent,Very good and light... Keep it up...,N/A,Tecno_POP10
Nice buy,Couldn't use the free gift data attached,N/A,Tecno_POP10
Good camera too,Good phone,N/A,Tecno_POP10
I like it,It's nice ....and it's a quality phone I would recommend....,N/A,Tecno_POP10
NICE,"It's a lovely budget phone, it really serves its purpose",N/A,Tecno_POP10
I like it,Is a good product,N/A,Tecno_POP10
i like the build,Nice display,N/A,Tecno_POP10
the phone is slow is operating,The phone is slow in operating,N/A,Tecno_POP10
I love it,Beautiful ????,N/A,Tecno_POP10
Performance,I love it,N/A,Tecno_POP10
Excllent,Very good and light... Keep it up...,N/A,Tecno_POP10
Nice buy,Couldn't use the free gift data attached,N/A,Tecno_POP10
Good camera too,Good phone,N/A,Tecno_POP10
I like it,It's nice ....and it's a quality phone I would recommend....,N/A,Tecno_POP10
NICE,"It's a lovely budget phone, it really serves its purpose",N/A,Tecno_POP10
I like it,Is a good product,N/A,Tecno_POP10
i like the build,Nice display,N/A,Tecno_POP10
the phone is slow is operating,The phone is slow in operating,N/A,Tecno_POP10
I love it,Beautiful ????,N/A,Tecno_POP10
Performance,I love it,N/A,Tecno_POP10
Excllent,Very good and light... Keep it up...,N/A,Tecno_POP10
Nice buy,Couldn't use the free gift data attached,N/A,Tecno_POP10
Good camera too,Good phone,N/A,Tecno_POP10
I like it,It's nice ....and it's a quality phone I would recommend....,N/A,Tecno_POP10
NICE,"It's a lovely budget phone, it really serves its purpose",N/A,Tecno_POP10
I like it,Is a good product,N/A,Tecno_POP10
i like the build,Nice display,N/A,Tecno_POP10
the phone is slow is operating,The phone is slow in operating,N/A,Tecno_POP10
I love it,Beautiful ????,N/A,Tecno_POP10
Performance,I love it,N/A,Tecno_POP10
Excllent,Very good and light... Keep it up...,N/A,Tecno_POP10
Nice buy,Couldn't use the free gift data attached,N/A,Tecno_POP10
Good camera too,Good phone,N/A,Tecno_POP10
I like it,It's nice ....and it's a quality phone I would recommend....,N/A,Tecno_POP10
NICE,"It's a lovely budget phone, it really serves its purpose",N/A,Tecno_POP10
I like it,Is a good product,N/A,Tecno_POP10
i like the build,Nice display,N/A,Tecno_POP10
the phone is slow is operating,The phone is slow in operating,N/A,Tecno_POP10
I love it,Beautiful ????,N/A,Tecno_POP10
Performance,I love it,N/A,Tecno_POP10
Excllent,Very good and light... Keep it up...,N/A,Tecno_POP10
Nice buy,Couldn't use the free gift data attached,N/A,Tecno_POP10
Good camera too,Good phone,N/A,Tecno_POP10
I like it,It's nice ....and it's a quality phone I would recommend....,N/A,Tecno_POP10
NICE,"It's a lovely budget phone, it really serves its purpose",N/A,Tecno_POP10
I like it,Is a good product,N/A,Tecno_POP10
i like the build,Nice display,N/A,Tecno_POP10
the phone is slow is operating,The phone is slow in operating,N/A,Tecno_POP10
I love it,Beautiful ????,N/A,Tecno_POP10
Performance,I love it,N/A,Tecno_POP10
Excllent,Very good and light... Keep it up...,N/A,Tecno_POP10
Nice buy,Couldn't use the free gift data attached,N/A,Tecno_POP10
Good camera too,Good phone,N/A,Tecno_POP10
I like it,It's nice ....and it's a quality phone I would recommend....,N/A,Tecno_POP10
NICE,"It's a lovely budget phone, it really serves its purpose",N/A,Tecno_POP10
I like it,Is a good product,N/A,Tecno_POP10
i like the build,Nice display,N/A,Tecno_POP10
the phone is slow is operating,The phone is slow in operating,N/A,Tecno_POP10
I love it,Beautiful ????,N/A,Tecno_POP10
Performance,I love it,N/A,Tecno_POP10
Excllent,Very good and light... Keep it up...,N/A,Tecno_POP10
Nice buy,Couldn't use the free gift data attached,N/A,Tecno_POP10
Good camera too,Good phone,N/A,Tecno_POP10
I like it,It's nice ....and it's a quality phone I would recommend....,N/A,Tecno_POP10
NICE,"It's a lovely budget phone, it really serves its purpose",N/A,Tecno_POP10
I like it,Is a good product,N/A,Tecno_POP10
i like the build,Nice display,N/A,Tecno_POP10
the phone is slow is operating,The phone is slow in operating,N/A,Tecno_POP10
I love it,Beautiful ????,N/A,Tecno_POP10
Performance,I love it,N/A,Tecno_POP10
Excllent,Very good and light... Keep it up...,N/A,Tecno_POP10
Nice buy,Couldn't use the free gift data attached,N/A,Tecno_POP10
Good camera too,Good phone,N/A,Tecno_POP10
I like it,It's nice ....and it's a quality phone I would recommend....,N/A,Tecno_POP10
NICE,"It's a lovely budget phone, it really serves its purpose",N/A,Tecno_POP10
I like it,Is a good product,N/A,Tecno_POP10
i like the build,Nice display,N/A,Tecno_POP10
the phone is slow is operating,The phone is slow in operating,N/A,Tecno_POP10
I love it,Beautiful ????,N/A,Tecno_POP10
Performance,I love it,N/A,Tecno_POP10
Excllent,Very good and light... Keep it up...,N/A,Tecno_POP10
Nice buy,Couldn't use the free gift data attached,N/A,Tecno_POP10
Good camera too,Good phone,N/A,Tecno_POP10
I like it,It's nice ....and it's a quality phone I would recommend....,N/A,Tecno_POP10
NICE,"It's a lovely budget phone, it really serves its purpose",N/A,Tecno_POP10
I like it,Is a good product,N/A,Tecno_POP10
i like the build,Nice display,N/A,Tecno_POP10
the phone is slow is operating,The phone is slow in operating,N/A,Tecno_POP10
I love it,Beautiful ????,N/A,Tecno_POP10
Performance,I love it,N/A,Tecno_POP10
Excllent,Very good and light... Keep it up...,N/A,Tecno_POP10
Nice buy,Couldn't use the free gift data attached,N/A,Tecno_POP10
Good camera too,Good phone,N/A,Tecno_POP10
I like it,It's nice ....and it's a quality phone I would recommend....,N/A,Tecno_POP10
NICE,"It's a lovely budget phone, it really serves its purpose",N/A,Tecno_POP10
I like it,Is a good product,N/A,Tecno_POP10
i like the build,Nice display,N/A,Tecno_POP10
the phone is slow is operating,The phone is slow in operating,N/A,Tecno_POP10
I love it,Beautiful ????,N/A,Tecno_POP10
Performance,I love it,N/A,Tecno_POP10
Excllent,Very good and light... Keep it up...,N/A,Tecno_POP10
Nice buy,Couldn't use the free gift data attached,N/A,Tecno_POP10
Good camera too,Good phone,N/A,Tecno_POP10
I like it,It's nice ....and it's a quality phone I would recommend....,N/A,Tecno_POP10
NICE,"It's a lovely budget phone, it really serves its purpose",N/A,Tecno_POP10
I like it,Is a good product,N/A,Tecno_POP10
i like the build,Nice display,N/A,Tecno_POP10
the phone is slow is operating,The phone is slow in operating,N/A,Tecno_POP10
I love it,Beautiful ????,N/A,Tecno_POP10
Performance,I love it,N/A,Tecno_POP10
Excllent,Very good and light... Keep it up...,N/A,Tecno_POP10
Nice buy,Couldn't use the free gift data attached,N/A,Tecno_POP10
Good camera too,Good phone,N/A,Tecno_POP10
I like it,It's nice ....and it's a quality phone I would recommend....,N/A,Tecno_POP10
NICE,"It's a lovely budget phone, it really serves its purpose",N/A,Tecno_POP10
I like it,Is a good product,N/A,Tecno_POP10
i like the build,Nice display,N/A,Tecno_POP10
the phone is slow is operating,The phone is slow in operating,N/A,Tecno_POP10
I love it,Beautiful ????,N/A,Tecno_POP10
Performance,I love it,N/A,Tecno_POP10
Excllent,Very good and light... Keep it up...,N/A,Tecno_POP10
Nice buy,Couldn't use the free gift data attached,N/A,Tecno_POP10
Good camera too,Good phone,N/A,Tecno_POP10
I like it,It's nice ....and it's a quality phone I would recommend....,N/A,Tecno_POP10
NICE,"It's a lovely budget phone, it really serves its purpose",N/A,Tecno_POP10
I like it,Is a good product,N/A,Tecno_POP10
i like the build,Nice display,N/A,Tecno_POP10
the phone is slow is operating,The phone is slow in operating,N/A,Tecno_POP10
I love it,Beautiful ????,N/A,Tecno_POP10
Performance,I love it,N/A,Tecno_POP10
Excllent,Very good and light... Keep it up...,N/A,Tecno_POP10
Nice buy,Couldn't use the free gift data attached,N/A,Tecno_POP10
Good camera too,Good phone,N/A,Tecno_POP10
I like it,It's nice ....and it's a quality phone I would recommend....,N/A,Tecno_POP10
NICE,"It's a lovely budget phone, it really serves its purpose",N/A,Tecno_POP10
I like it,Is a good product,N/A,Tecno_POP10
i like the build,Nice display,N/A,Tecno_POP10
the phone is slow is operating,The phone is slow in operating,N/A,Tecno_POP10
I love it,Beautiful ????,N/A,Tecno_POP10
Performance,I love it,N/A,Tecno_POP10
Excllent,Very good and light... Keep it up...,N/A,Tecno_POP10
Nice buy,Couldn't use the free gift data attached,N/A,Tecno_POP10
Good camera too,Good phone,N/A,Tecno_POP10
I like it,It's nice ....and it's a quality phone I would recommend....,N/A,Tecno_POP10
NICE,"It's a lovely budget phone, it really serves its purpose",N/A,Tecno_POP10
I like it,Is a good product,N/A,Tecno_POP10
i like the build,Nice display,N/A,Tecno_POP10
the phone is slow is operating,The phone is slow in operating,N/A,Tecno_POP10
I love it,Beautiful ????,N/A,Tecno_POP10
Performance,I love it,N/A,Tecno_POP10
Excllent,Very good and light... Keep it up...,N/A,Tecno_POP10
Nice buy,Couldn't use the free gift data attached,N/A,Tecno_POP10
Good camera too,Good phone,N/A,Tecno_POP10
I like it,It's nice ....and it's a quality phone I would recommend....,N/A,Tecno_POP10
NICE,"It's a lovely budget phone, it really serves its purpose",N/A,Tecno_POP10
I like it,Is a good product,N/A,Tecno_POP10
i like the build,Nice display,N/A,Tecno_POP10
the phone is slow is operating,The phone is slow in operating,N/A,Tecno_POP10
I love it,Beautiful ????,N/A,Tecno_POP10
Performance,I love it,N/A,Tecno_POP10
Excllent,Very good and light... Keep it up...,N/A,Tecno_POP10
Nice buy,Couldn't use the free gift data attached,N/A,Tecno_POP10
Good camera too,Good phone,N/A,Tecno_POP10
I like it,It's nice ....and it's a quality phone I would recommend....,N/A,Tecno_POP10
NICE,"It's a lovely budget phone, it really serves its purpose",N/A,Tecno_POP10
I like it,Is a good product,N/A,Tecno_POP10
i like the build,Nice display,N/A,Tecno_POP10
the phone is slow is operating,The phone is slow in operating,N/A,Tecno_POP10
I love it,Beautiful ????,N/A,Tecno_POP10
Performance,I love it,N/A,Tecno_POP10
Excllent,Very good and light... Keep it up...,N/A,Tecno_POP10
Nice buy,Couldn't use the free gift data attached,N/A,Tecno_POP10
Good camera too,Good phone,N/A,Tecno_POP10
I like it,It's nice ....and it's a quality phone I would recommend....,N/A,Tecno_POP10
NICE,"It's a lovely budget phone, it really serves its purpose",N/A,Tecno_POP10
I like it,Is a good product,N/A,Tecno_POP10
i like the build,Nice display,N/A,Tecno_POP10
the phone is slow is operating,The phone is slow in operating,N/A,Tecno_POP10
I love it,Beautiful ????,N/A,Tecno_POP10
Performance,I love it,N/A,Tecno_POP10
Excllent,Very good and light... Keep it up...,N/A,Tecno_POP10
Nice buy,Couldn't use the free gift data attached,N/A,Tecno_POP10
Good camera too,Good phone,N/A,Tecno_POP10
I like it,It's nice ....and it's a quality phone I would recommend....,N/A,Tecno_POP10
NICE,"It's a lovely budget phone, it really serves its purpose",N/A,Tecno_POP10
I like it,Is a good product,N/A,Tecno_POP10
i like the build,Nice display,N/A,Tecno_POP10
the phone is slow is operating,The phone is slow in operating,N/A,Tecno_POP10
I love it,Beautiful ????,N/A,Tecno_POP10
Performance,I love it,N/A,Tecno_POP10
Excllent,Very good and light... Keep it up...,N/A,Tecno_POP10
Nice buy,Couldn't use the free gift data attached,N/A,Tecno_POP10
Good camera too,Good phone,N/A,Tecno_POP10
I like it,It's nice ....and it's a quality phone I would recommend....,N/A,Tecno_POP10
NICE,"It's a lovely budget phone, it really serves its purpose",N/A,Tecno_POP10
I like it,Is a good product,N/A,Tecno_POP10
i like the build,Nice display,N/A,Tecno_POP10
the phone is slow is operating,The phone is slow in operating,N/A,Tecno_POP10
I love it,Beautiful ????,N/A,Tecno_POP10
Performance,I love it,N/A,Tecno_POP10
Excllent,Very good and light... Keep it up...,N/A,Tecno_POP10
Nice buy,Couldn't use the free gift data attached,N/A,Tecno_POP10
Good camera too,Good phone,N/A,Tecno_POP10
I like it,It's nice ....and it's a quality phone I would recommend....,N/A,Tecno_POP10
NICE,"It's a lovely budget phone, it really serves its purpose",N/A,Tecno_POP10
I like it,Is a good product,N/A,Tecno_POP10
i like the build,Nice display,N/A,Tecno_POP10
the phone is slow is operating,The phone is slow in operating,N/A,Tecno_POP10
I love it,Beautiful ????,N/A,Tecno_POP10
Performance,I love it,N/A,Tecno_POP10
Excllent,Very good and light... Keep it up...,N/A,Tecno_POP10
Nice buy,Couldn't use the free gift data attached,N/A,Tecno_POP10
Good camera too,Good phone,N/A,Tecno_POP10
I like it,It's nice ....and it's a quality phone I would recommend....,N/A,Tecno_POP10
NICE,"It's a lovely budget phone, it really serves its purpose",N/A,Tecno_POP10
I like it,Is a good product,N/A,Tecno_POP10
i like the build,Nice display,N/A,Tecno_POP10
the phone is slow is operating,The phone is slow in operating,N/A,Tecno_POP10
I love it,Beautiful ????,N/A,Tecno_POP10
Performance,I love it,N/A,Tecno_POP10
Excllent,Very good and light... Keep it up...,N/A,Tecno_POP10
Nice buy,Couldn't use the free gift data attached,N/A,Tecno_POP10
Good camera too,Good phone,N/A,Tecno_POP10
I like it,It's nice ....and it's a quality phone I would recommend....,N/A,Tecno_POP10
NICE,"It's a lovely budget phone, it really serves its purpose",N/A,Tecno_POP10
I like it,Is a good product,N/A,Tecno_POP10
i like the build,Nice display,N/A,Tecno_POP10
the phone is slow is operating,The phone is slow in operating,N/A,Tecno_POP10
I love it,Beautiful ????,N/A,Tecno_POP10
Performance,I love it,N/A,Tecno_POP10
Excllent,Very good and light... Keep it up...,N/A,Tecno_POP10
Nice buy,Couldn't use the free gift data attached,N/A,Tecno_POP10
Good camera too,Good phone,N/A,Tecno_POP10
I like it,It's nice ....and it's a quality phone I would recommend....,N/A,Tecno_POP10
NICE,"It's a lovely budget phone, it really serves its purpose",N/A,Tecno_POP10
I like it,Is a good product,N/A,Tecno_POP10
i like the build,Nice display,N/A,Tecno_POP10
the phone is slow is operating,The phone is slow in operating,N/A,Tecno_POP10
I love it,Beautiful ????,N/A,Tecno_POP10
Performance,I love it,N/A,Tecno_POP10
Excllent,Very good and light... Keep it up...,N/A,Tecno_POP10
Nice buy,Couldn't use the free gift data attached,N/A,Tecno_POP10
Good camera too,Good phone,N/A,Tecno_POP10
I like it,It's nice ....and it's a quality phone I would recommend....,N/A,Tecno_POP10
NICE,"It's a lovely budget phone, it really serves its purpose",N/A,Tecno_POP10
I like it,Is a good product,N/A,Tecno_POP10
i like the build,Nice display,N/A,Tecno_POP10
the phone is slow is operating,The phone is slow in operating,N/A,Tecno_POP10
I love it,Beautiful ????,N/A,Tecno_POP10
Performance,I love it,N/A,Tecno_POP10
Excllent,Very good and light... Keep it up...,N/A,Tecno_POP10
Nice buy,Couldn't use the free gift data attached,N/A,Tecno_POP10
Good camera too,Good phone,N/A,Tecno_POP10
I like it,It's nice ....and it's a quality phone I would recommend....,N/A,Tecno_POP10
NICE,"It's a lovely budget phone, it really serves its purpose",N/A,Tecno_POP10
I like it,Is a good product,N/A,Tecno_POP10
i like the build,Nice display,N/A,Tecno_POP10
the phone is slow is operating,The phone is slow in operating,N/A,Tecno_POP10
I love it,Beautiful ????,N/A,Tecno_POP10
Performance,I love it,N/A,Tecno_POP10
Excllent,Very good and light... Keep it up...,N/A,Tecno_POP10
Nice buy,Couldn't use the free gift data attached,N/A,Tecno_POP10
Good camera too,Good phone,N/A,Tecno_POP10
I like it,It's nice ....and it's a quality phone I would recommend....,N/A,Tecno_POP10
NICE,"It's a lovely budget phone, it really serves its purpose",N/A,Tecno_POP10
I like it,Is a good product,N/A,Tecno_POP10
i like the build,Nice display,N/A,Tecno_POP10
the phone is slow is operating,The phone is slow in operating,N/A,Tecno_POP10
I love it,Beautiful ????,N/A,Tecno_POP10
Performance,I love it,N/A,Tecno_POP10
Excllent,Very good and light... Keep it up...,N/A,Tecno_POP10
Nice buy,Couldn't use the free gift data attached,N/A,Tecno_POP10
Good camera too,Good phone,N/A,Tecno_POP10
I like it,It's nice ....and it's a quality phone I would recommend....,N/A,Tecno_POP10
NICE,"It's a lovely budget phone, it really serves its purpose",N/A,Tecno_POP10
I like it,Is a good product,N/A,Tecno_POP10
i like the build,Nice display,N/A,Tecno_POP10
the phone is slow is operating,The phone is slow in operating,N/A,Tecno_POP10
I love it,Beautiful ????,N/A,Tecno_POP10
Performance,I love it,N/A,Tecno_POP10
Excllent,Very good and light... Keep it up...,N/A,Tecno_POP10
Nice buy,Couldn't use the free gift data attached,N/A,Tecno_POP10
Good camera too,Good phone,N/A,Tecno_POP10
I like it,It's nice ....and it's a quality phone I would recommend....,N/A,Tecno_POP10
NICE,"It's a lovely budget phone, it really serves its purpose",N/A,Tecno_POP10
I like it,Is a good product,N/A,Tecno_POP10
i like the build,Nice display,N/A,Tecno_POP10
the phone is slow is operating,The phone is slow in operating,N/A,Tecno_POP10
I love it,Beautiful ????,N/A,Tecno_POP10
Performance,I love it,N/A,Tecno_POP10
Excllent,Very good and light... Keep it up...,N/A,Tecno_POP10
Nice buy,Couldn't use the free gift data attached,N/A,Tecno_POP10
Good camera too,Good phone,N/A,Tecno_POP10
I like it,It's nice ....and it's a quality phone I would recommend....,N/A,Tecno_POP10
NICE,"It's a lovely budget phone, it really serves its purpose",N/A,Tecno_POP10
I like it,Is a good product,N/A,Tecno_POP10
i like the build,Nice display,N/A,Tecno_POP10
the phone is slow is operating,The phone is slow in operating,N/A,Tecno_POP10
I love it,Beautiful ????,N/A,Tecno_POP10
Performance,I love it,N/A,Tecno_POP10
Excllent,Very good and light... Keep it up...,N/A,Tecno_POP10
Nice buy,Couldn't use the free gift data attached,N/A,Tecno_POP10
Good camera too,Good phone,N/A,Tecno_POP10
I like it,It's nice ....and it's a quality phone I would recommend....,N/A,Tecno_POP10
NICE,"It's a lovely budget phone, it really serves its purpose",N/A,Tecno_POP10
I like it,Is a good product,N/A,Tecno_POP10
i like the build,Nice display,N/A,Tecno_POP10
the phone is slow is operating,The phone is slow in operating,N/A,Tecno_POP10
I love it,Beautiful ????,N/A,Tecno_POP10
Performance,I love it,N/A,Tecno_POP10
Excllent,Very good and light... Keep it up...,N/A,Tecno_POP10
Nice buy,Couldn't use the free gift data attached,N/A,Tecno_POP10
Good camera too,Good phone,N/A,Tecno_POP10
I like it,It's nice ....and it's a quality phone I would recommend....,N/A,Tecno_POP10
NICE,"It's a lovely budget phone, it really serves its purpose",N/A,Tecno_POP10
I like it,Is a good product,N/A,Tecno_POP10
i like the build,Nice display,N/A,Tecno_POP10
the phone is slow is operating,The phone is slow in operating,N/A,Tecno_POP10
I love it,Beautiful ????,N/A,Tecno_POP10
Performance,I love it,N/A,Tecno_POP10
Excllent,Very good and light... Keep it up...,N/A,Tecno_POP10
Nice buy,Couldn't use the free gift data attached,N/A,Tecno_POP10
Good camera too,Good phone,N/A,Tecno_POP10
I like it,It's nice ....and it's a quality phone I would recommend....,N/A,Tecno_POP10
NICE,"It's a lovely budget phone, it really serves its purpose",N/A,Tecno_POP10
I like it,Is a good product,N/A,Tecno_POP10
i like the build,Nice display,N/A,Tecno_POP10
the phone is slow is operating,The phone is slow in operating,N/A,Tecno_POP10
I love it,Beautiful ????,N/A,Tecno_POP10
Performance,I love it,N/A,Tecno_POP10
Excllent,Very good and light... Keep it up...,N/A,Tecno_POP10
Nice buy,Couldn't use the free gift data attached,N/A,Tecno_POP10
Good camera too,Good phone,N/A,Tecno_POP10
I like it,It's nice ....and it's a quality phone I would recommend....,N/A,Tecno_POP10
NICE,"It's a lovely budget phone, it really serves its purpose",N/A,Tecno_POP10
I like it,Is a good product,N/A,Tecno_POP10
i like the build,Nice display,N/A,Tecno_POP10
the phone is slow is operating,The phone is slow in operating,N/A,Tecno_POP10
I love it,Beautiful ????,N/A,Tecno_POP10
Performance,I love it,N/A,Tecno_POP10
Excllent,Very good and light... Keep it up...,N/A,Tecno_POP10
Nice buy,Couldn't use the free gift data attached,N/A,Tecno_POP10
Good camera too,Good phone,N/A,Tecno_POP10
I like it,It's nice ....and it's a quality phone I would recommend....,N/A,Tecno_POP10
NICE,"It's a lovely budget phone, it really serves its purpose",N/A,Tecno_POP10
I like it,Is a good product,N/A,Tecno_POP10
i like the build,Nice display,N/A,Tecno_POP10
the phone is slow is operating,The phone is slow in operating,N/A,Tecno_POP10
I love it,Beautiful ????,N/A,Tecno_POP10
Performance,I love it,N/A,Tecno_POP10
Excllent,Very good and light... Keep it up...,N/A,Tecno_POP10
Nice buy,Couldn't use the free gift data attached,N/A,Tecno_POP10
Good camera too,Good phone,N/A,Tecno_POP10
I like it,It's nice ....and it's a quality phone I would recommend....,N/A,Tecno_POP10
NICE,"It's a lovely budget phone, it really serves its purpose",N/A,Tecno_POP10
I like it,Is a good product,N/A,Tecno_POP10
i like the build,Nice display,N/A,Tecno_POP10
the phone is slow is operating,The phone is slow in operating,N/A,Tecno_POP10
I love it,Beautiful ????,N/A,Tecno_POP10
Performance,I love it,N/A,Tecno_POP10
Excllent,Very good and light... Keep it up...,N/A,Tecno_POP10
Nice buy,Couldn't use the free gift data attached,N/A,Tecno_POP10
Good camera too,Good phone,N/A,Tecno_POP10
I like it,It's nice ....and it's a quality phone I would recommend....,N/A,Tecno_POP10
NICE,"It's a lovely budget phone, it really serves its purpose",N/A,Tecno_POP10
I like it,Is a good product,N/A,Tecno_POP10
i like the build,Nice display,N/A,Tecno_POP10
the phone is slow is operating,The phone is slow in operating,N/A,Tecno_POP10
I love it,Beautiful ????,N/A,Tecno_POP10
Performance,I love it,N/A,Tecno_POP10
Excllent,Very good and light... Keep it up...,N/A,Tecno_POP10
Nice buy,Couldn't use the free gift data attached,N/A,Tecno_POP10
Good camera too,Good phone,N/A,Tecno_POP10
I like it,It's nice ....and it's a quality phone I would recommend....,N/A,Tecno_POP10
NICE,"It's a lovely budget phone, it really serves its purpose",N/A,Tecno_POP10
I like it,Is a good product,N/A,Tecno_POP10
i like the build,Nice display,N/A,Tecno_POP10
the phone is slow is operating,The phone is slow in operating,N/A,Tecno_POP10
I love it,Beautiful ????,N/A,Tecno_POP10
Performance,I love it,N/A,Tecno_POP10
Excllent,Very good and light... Keep it up...,N/A,Tecno_POP10
Nice buy,Couldn't use the free gift data attached,N/A,Tecno_POP10
Good camera too,Good phone,N/A,Tecno_POP10
I like it,It's nice ....and it's a quality phone I would recommend....,N/A,Tecno_POP10
NICE,"It's a lovely budget phone, it really serves its purpose",N/A,Tecno_POP10
I like it,Is a good product,N/A,Tecno_POP10
i like the build,Nice display,N/A,Tecno_POP10
the phone is slow is operating,The phone is slow in operating,N/A,Tecno_POP10
I love it,Beautiful ????,N/A,Tecno_POP10
Performance,I love it,N/A,Tecno_POP10
Excllent,Very good and light... Keep it up...,N/A,Tecno_POP10
Nice buy,Couldn't use the free gift data attached,N/A,Tecno_POP10
Good camera too,Good phone,N/A,Tecno_POP10
I like it,It's nice ....and it's a quality phone I would recommend....,N/A,Tecno_POP10
NICE,"It's a lovely budget phone, it really serves its purpose",N/A,Tecno_POP10
I like it,Is a good product,N/A,Tecno_POP10
i like the build,Nice display,N/A,Tecno_POP10
the phone is slow is operating,The phone is slow in operating,N/A,Tecno_POP10
I love it,Beautiful ????,N/A,Tecno_POP10
Performance,I love it,N/A,Tecno_POP10
Excllent,Very good and light... Keep it up...,N/A,Tecno_POP10
Nice buy,Couldn't use the free gift data attached,N/A,Tecno_POP10
Good camera too,Good phone,N/A,Tecno_POP10
I like it,It's nice ....and it's a quality phone I would recommend....,N/A,Tecno_POP10
NICE,"It's a lovely budget phone, it really serves its purpose",N/A,Tecno_POP10
I like it,Is a good product,N/A,Tecno_POP10
i like the build,Nice display,N/A,Tecno_POP10
the phone is slow is operating,The phone is slow in operating,N/A,Tecno_POP10
I love it,Beautiful ????,N/A,Tecno_POP10
Performance,I love it,N/A,Tecno_POP10
Excllent,Very good and light... Keep it up...,N/A,Tecno_POP10
Nice buy,Couldn't use the free gift data attached,N/A,Tecno_POP10
Good camera too,Good phone,N/A,Tecno_POP10
I like it,It's nice ....and it's a quality phone I would recommend....,N/A,Tecno_POP10
NICE,"It's a lovely budget phone, it really serves its purpose",N/A,Tecno_POP10
I like it,Is a good product,N/A,Tecno_POP10
i like the build,Nice display,N/A,Tecno_POP10
the phone is slow is operating,The phone is slow in operating,N/A,Tecno_POP10
I love it,Beautiful ????,N/A,Tecno_POP10
Performance,I love it,N/A,Tecno_POP10
Excllent,Very good and light... Keep it up...,N/A,Tecno_POP10
Nice buy,Couldn't use the free gift data attached,N/A,Tecno_POP10
Good camera too,Good phone,N/A,Tecno_POP10
I like it,It's nice ....and it's a quality phone I would recommend....,N/A,Tecno_POP10
NICE,"It's a lovely budget phone, it really serves its purpose",N/A,Tecno_POP10
I like it,Is a good product,N/A,Tecno_POP10
i like the build,Nice display,N/A,Tecno_POP10
the phone is slow is operating,The phone is slow in operating,N/A,Tecno_POP10
I love it,Beautiful ????,N/A,Tecno_POP10
Performance,I love it,N/A,Tecno_POP10
Excllent,Very good and light... Keep it up...,N/A,Tecno_POP10
Nice buy,Couldn't use the free gift data attached,N/A,Tecno_POP10
Good camera too,Good phone,N/A,Tecno_POP10
I like it,It's nice ....and it's a quality phone I would recommend....,N/A,Tecno_POP10
NICE,"It's a lovely budget phone, it really serves its purpose",N/A,Tecno_POP10
I like it,Is a good product,N/A,Tecno_POP10
i like the build,Nice display,N/A,Tecno_POP10
the phone is slow is operating,The phone is slow in operating,N/A,Tecno_POP10
I love it,Beautiful ????,N/A,Tecno_POP10
Performance,I love it,N/A,Tecno_POP10
Excllent,Very good and light... Keep it up...,N/A,Tecno_POP10
Nice buy,Couldn't use the free gift data attached,N/A,Tecno_POP10
Good camera too,Good phone,N/A,Tecno_POP10
I like it,It's nice ....and it's a quality phone I would recommend....,N/A,Tecno_POP10
NICE,"It's a lovely budget phone, it really serves its purpose",N/A,Tecno_POP10
I like it,Is a good product,N/A,Tecno_POP10
i like the build,Nice display,N/A,Tecno_POP10
the phone is slow is operating,The phone is slow in operating,N/A,Tecno_POP10
I love it,Beautiful ????,N/A,Tecno_POP10
Performance,I love it,N/A,Tecno_POP10
Excllent,Very good and light... Keep it up...,N/A,Tecno_POP10
Nice buy,Couldn't use the free gift data attached,N/A,Tecno_POP10
Good camera too,Good phone,N/A,Tecno_POP10
I like it,It's nice ....and it's a quality phone I would recommend....,N/A,Tecno_POP10
NICE,"It's a lovely budget phone, it really serves its purpose",N/A,Tecno_POP10
I like it,Is a good product,N/A,Tecno_POP10
i like the build,Nice display,N/A,Tecno_POP10
the phone is slow is operating,The phone is slow in operating,N/A,Tecno_POP10
I love it,Beautiful ????,N/A,Tecno_POP10
Performance,I love it,N/A,Tecno_POP10
Excllent,Very good and light... Keep it up...,N/A,Tecno_POP10
Nice buy,Couldn't use the free gift data attached,N/A,Tecno_POP10
Good camera too,Good phone,N/A,Tecno_POP10
I like it,It's nice ....and it's a quality phone I would recommend....,N/A,Tecno_POP10
NICE,"It's a lovely budget phone, it really serves its purpose",N/A,Tecno_POP10
I like it,Is a good product,N/A,Tecno_POP10
i like the build,Nice display,N/A,Tecno_POP10
the phone is slow is operating,The phone is slow in operating,N/A,Tecno_POP10
I love it,Beautiful ????,N/A,Tecno_POP10
Performance,I love it,N/A,Tecno_POP10
Excllent,Very good and light... Keep it up...,N/A,Tecno_POP10
Nice buy,Couldn't use the free gift data attached,N/A,Tecno_POP10
Good camera too,Good phone,N/A,Tecno_POP10
I like it,It's nice ....and it's a quality phone I would recommend....,N/A,Tecno_POP10
NICE,"It's a lovely budget phone, it really serves its purpose",N/A,Tecno_POP10
I like it,Is a good product,N/A,Tecno_POP10
i like the build,Nice display,N/A,Tecno_POP10
the phone is slow is operating,The phone is slow in operating,N/A,Tecno_POP10
I love it,Beautiful ????,N/A,Tecno_POP10
Performance,I love it,N/A,Tecno_POP10
Excllent,Very good and light... Keep it up...,N/A,Tecno_POP10
Nice buy,Couldn't use the free gift data attached,N/A,Tecno_POP10
Good camera too,Good phone,N/A,Tecno_POP10
I like it,It's nice ....and it's a quality phone I would recommend....,N/A,Tecno_POP10
NICE,"It's a lovely budget phone, it really serves its purpose",N/A,Tecno_POP10
I like it,Is a good product,N/A,Tecno_POP10
i like the build,Nice display,N/A,Tecno_POP10
the phone is slow is operating,The phone is slow in operating,N/A,Tecno_POP10
I love it,Beautiful ????,N/A,Tecno_POP10
Performance,I love it,N/A,Tecno_POP10
Excllent,Very good and light... Keep it up...,N/A,Tecno_POP10
Nice buy,Couldn't use the free gift data attached,N/A,Tecno_POP10
Good camera too,Good phone,N/A,Tecno_POP10
I like it,It's nice ....and it's a quality phone I would recommend....,N/A,Tecno_POP10
NICE,"It's a lovely budget phone, it really serves its purpose",N/A,Tecno_POP10
I like it,Is a good product,N/A,Tecno_POP10
i like the build,Nice display,N/A,Tecno_POP10
the phone is slow is operating,The phone is slow in operating,N/A,Tecno_POP10
I love it,Beautiful ????,N/A,Tecno_POP10
Performance,I love it,N/A,Tecno_POP10
Excllent,Very good and light... Keep it up...,N/A,Tecno_POP10
Nice buy,Couldn't use the free gift data attached,N/A,Tecno_POP10
Good camera too,Good phone,N/A,Tecno_POP10
I like it,It's nice ....and it's a quality phone I would recommend....,N/A,Tecno_POP10
NICE,"It's a lovely budget phone, it really serves its purpose",N/A,Tecno_POP10
I like it,Is a good product,N/A,Tecno_POP10
i like the build,Nice display,N/A,Tecno_POP10
the phone is slow is operating,The phone is slow in operating,N/A,Tecno_POP10
I love it,Beautiful ????,N/A,Tecno_POP10
Performance,I love it,N/A,Tecno_POP10
Excllent,Very good and light... Keep it up...,N/A,Tecno_POP10
Nice buy,Couldn't use the free gift data attached,N/A,Tecno_POP10
Good camera too,Good phone,N/A,Tecno_POP10
I like it,It's nice ....and it's a quality phone I would recommend....,N/A,Tecno_POP10
NICE,"It's a lovely budget phone, it really serves its purpose",N/A,Tecno_POP10
I like it,Is a good product,N/A,Tecno_POP10
i like the build,Nice display,N/A,Tecno_POP10
the phone is slow is operating,The phone is slow in operating,N/A,Tecno_POP10
I love it,Beautiful ????,N/A,Tecno_POP10
Performance,I love it,N/A,Tecno_POP10
Excllent,Very good and light... Keep it up...,N/A,Tecno_POP10
Nice buy,Couldn't use the free gift data attached,N/A,Tecno_POP10
Good camera too,Good phone,N/A,Tecno_POP10
I like it,It's nice ....and it's a quality phone I would recommend....,N/A,Tecno_POP10
NICE,"It's a lovely budget phone, it really serves its purpose",N/A,Tecno_POP10
I like it,Is a good product,N/A,Tecno_POP10
i like the build,Nice display,N/A,Tecno_POP10
the phone is slow is operating,The phone is slow in operating,N/A,Tecno_POP10
I love it,Beautiful ????,N/A,Tecno_POP10
Performance,I love it,N/A,Tecno_POP10
Excllent,Very good and light... Keep it up...,N/A,Tecno_POP10
Nice buy,Couldn't use the free gift data attached,N/A,Tecno_POP10
Good camera too,Good phone,N/A,Tecno_POP10
I like it,It's nice ....and it's a quality phone I would recommend....,N/A,Tecno_POP10
NICE,"It's a lovely budget phone, it really serves its purpose",N/A,Tecno_POP10
I like it,Is a good product,N/A,Tecno_POP10
i like the build,Nice display,N/A,Tecno_POP10
the phone is slow is operating,The phone is slow in operating,N/A,Tecno_POP10
I love it,Beautiful ????,N/A,Tecno_POP10
Performance,I love it,N/A,Tecno_POP10
Excllent,Very good and light... Keep it up...,N/A,Tecno_POP10
Nice buy,Couldn't use the free gift data attached,N/A,Tecno_POP10
Good camera too,Good phone,N/A,Tecno_POP10
I like it,It's nice ....and it's a quality phone I would recommend....,N/A,Tecno_POP10
NICE,"It's a lovely budget phone, it really serves its purpose",N/A,Tecno_POP10
I like it,Is a good product,N/A,Tecno_POP10
i like the build,Nice display,N/A,Tecno_POP10
the phone is slow is operating,The phone is slow in operating,N/A,Tecno_POP10
I love it,Beautiful ????,N/A,Tecno_POP10
Performance,I love it,N/A,Tecno_POP10
Excllent,Very good and light... Keep it up...,N/A,Tecno_POP10
Nice buy,Couldn't use the free gift data attached,N/A,Tecno_POP10
Good camera too,Good phone,N/A,Tecno_POP10
I like it,It's nice ....and it's a quality phone I would recommend....,N/A,Tecno_POP10
NICE,"It's a lovely budget phone, it really serves its purpose",N/A,Tecno_POP10
I like it,Is a good product,N/A,Tecno_POP10
i like the build,Nice display,N/A,Tecno_POP10
the phone is slow is operating,The phone is slow in operating,N/A,Tecno_POP10
I love it,Beautiful ????,N/A,Tecno_POP10
Performance,I love it,N/A,Tecno_POP10
Excllent,Very good and light... Keep it up...,N/A,Tecno_POP10
Nice buy,Couldn't use the free gift data attached,N/A,Tecno_POP10
Good camera too,Good phone,N/A,Tecno_POP10
I like it,It's nice ....and it's a quality phone I would recommend....,N/A,Tecno_POP10
NICE,"It's a lovely budget phone, it really serves its purpose",N/A,Tecno_POP10
I like it,Is a good product,N/A,Tecno_POP10
i like the build,Nice display,N/A,Tecno_POP10
the phone is slow is operating,The phone is slow in operating,N/A,Tecno_POP10
I love it,Beautiful ????,N/A,Tecno_POP10
Performance,I love it,N/A,Tecno_POP10
Excllent,Very good and light... Keep it up...,N/A,Tecno_POP10
Nice buy,Couldn't use the free gift data attached,N/A,Tecno_POP10
Good camera too,Good phone,N/A,Tecno_POP10
I like it,It's nice ....and it's a quality phone I would recommend....,N/A,Tecno_POP10
NICE,"It's a lovely budget phone, it really serves its purpose",N/A,Tecno_POP10
I like it,Is a good product,N/A,Tecno_POP10
i like the build,Nice display,N/A,Tecno_POP10
the phone is slow is operating,The phone is slow in operating,N/A,Tecno_POP10
I love it,Beautiful ????,N/A,Tecno_POP10
Performance,I love it,N/A,Tecno_POP10
Excllent,Very good and light... Keep it up...,N/A,Tecno_POP10
Nice buy,Couldn't use the free gift data attached,N/A,Tecno_POP10
Good camera too,Good phone,N/A,Tecno_POP10
I like it,It's nice ....and it's a quality phone I would recommend....,N/A,Tecno_POP10
NICE,"It's a lovely budget phone, it really serves its purpose",N/A,Tecno_POP10
I like it,Is a good product,N/A,Tecno_POP10
i like the build,Nice display,N/A,Tecno_POP10
the phone is slow is operating,The phone is slow in operating,N/A,Tecno_POP10
I love it,Beautiful ????,N/A,Tecno_POP10
Performance,I love it,N/A,Tecno_POP10
Excllent,Very good and light... Keep it up...,N/A,Tecno_POP10
Nice buy,Couldn't use the free gift data attached,N/A,Tecno_POP10
Good camera too,Good phone,N/A,Tecno_POP10
I like it,It's nice ....and it's a quality phone I would recommend....,N/A,Tecno_POP10
NICE,"It's a lovely budget phone, it really serves its purpose",N/A,Tecno_POP10
I like it,Is a good product,N/A,Tecno_POP10
i like the build,Nice display,N/A,Tecno_POP10
the phone is slow is operating,The phone is slow in operating,N/A,Tecno_POP10
I love it,Beautiful ????,N/A,Tecno_POP10
Performance,I love it,N/A,Tecno_POP10
Excllent,Very good and light... Keep it up...,N/A,Tecno_POP10
Nice buy,Couldn't use the free gift data attached,N/A,Tecno_POP10
Good camera too,Good phone,N/A,Tecno_POP10
I like it,It's nice ....and it's a quality phone I would recommend....,N/A,Tecno_POP10
NICE,"It's a lovely budget phone, it really serves its purpose",N/A,Tecno_POP10
I like it,Is a good product,N/A,Tecno_POP10
i like the build,Nice display,N/A,Tecno_POP10
the phone is slow is operating,The phone is slow in operating,N/A,Tecno_POP10
I love it,Beautiful ????,N/A,Tecno_POP10
Performance,I love it,N/A,Tecno_POP10
Excllent,Very good and light... Keep it up...,N/A,Tecno_POP10
Nice buy,Couldn't use the free gift data attached,N/A,Tecno_POP10
Good camera too,Good phone,N/A,Tecno_POP10
I like it,It's nice ....and it's a quality phone I would recommend....,N/A,Tecno_POP10
NICE,"It's a lovely budget phone, it really serves its purpose",N/A,Tecno_POP10
I like it,Is a good product,N/A,Tecno_POP10
i like the build,Nice display,N/A,Tecno_POP10
the phone is slow is operating,The phone is slow in operating,N/A,Tecno_POP10
I love it,Beautiful ????,N/A,Tecno_POP10
Performance,I love it,N/A,Tecno_POP10
Excllent,Very good and light... Keep it up...,N/A,Tecno_POP10
Nice buy,Couldn't use the free gift data attached,N/A,Tecno_POP10
Good camera too,Good phone,N/A,Tecno_POP10
I like it,It's nice ....and it's a quality phone I would recommend....,N/A,Tecno_POP10
NICE,"It's a lovely budget phone, it really serves its purpose",N/A,Tecno_POP10
I like it,Is a good product,N/A,Tecno_POP10
i like the build,Nice display,N/A,Tecno_POP10
the phone is slow is operating,The phone is slow in operating,N/A,Tecno_POP10
I love it,Beautiful ????,N/A,Tecno_POP10
Performance,I love it,N/A,Tecno_POP10
Excllent,Very good and light... Keep it up...,N/A,Tecno_POP10
Nice buy,Couldn't use the free gift data attached,N/A,Tecno_POP10
Good camera too,Good phone,N/A,Tecno_POP10
I like it,It's nice ....and it's a quality phone I would recommend....,N/A,Tecno_POP10
NICE,"It's a lovely budget phone, it really serves its purpose",N/A,Tecno_POP10
I like it,Is a good product,N/A,Tecno_POP10
i like the build,Nice display,N/A,Tecno_POP10
the phone is slow is operating,The phone is slow in operating,N/A,Tecno_POP10
I love it,Beautiful ????,N/A,Tecno_POP10
Performance,I love it,N/A,Tecno_POP10
Excllent,Very good and light... Keep it up...,N/A,Tecno_POP10
Nice buy,Couldn't use the free gift data attached,N/A,Tecno_POP10
Good camera too,Good phone,N/A,Tecno_POP10
I like it,It's nice ....and it's a quality phone I would recommend....,N/A,Tecno_POP10
NICE,"It's a lovely budget phone, it really serves its purpose",N/A,Tecno_POP10
I like it,Is a good product,N/A,Tecno_POP10
i like the build,Nice display,N/A,Tecno_POP10
the phone is slow is operating,The phone is slow in operating,N/A,Tecno_POP10
I love it,Beautiful ????,N/A,Tecno_POP10
Performance,I love it,N/A,Tecno_POP10
Excllent,Very good and light... Keep it up...,N/A,Tecno_POP10
Nice buy,Couldn't use the free gift data attached,N/A,Tecno_POP10
Good camera too,Good phone,N/A,Tecno_POP10
I like it,It's nice ....and it's a quality phone I would recommend....,N/A,Tecno_POP10
NICE,"It's a lovely budget phone, it really serves its purpose",N/A,Tecno_POP10
I like it,Is a good product,N/A,Tecno_POP10
i like the build,Nice display,N/A,Tecno_POP10
the phone is slow is operating,The phone is slow in operating,N/A,Tecno_POP10
I love it,Beautiful ????,N/A,Tecno_POP10
Performance,I love it,N/A,Tecno_POP10
Excllent,Very good and light... Keep it up...,N/A,Tecno_POP10
Nice buy,Couldn't use the free gift data attached,N/A,Tecno_POP10
Good camera too,Good phone,N/A,Tecno_POP10
I like it,It's nice ....and it's a quality phone I would recommend....,N/A,Tecno_POP10
NICE,"It's a lovely budget phone, it really serves its purpose",N/A,Tecno_POP10
I like it,Is a good product,N/A,Tecno_POP10
i like the build,Nice display,N/A,Tecno_POP10
the phone is slow is operating,The phone is slow in operating,N/A,Tecno_POP10
I love it,Beautiful ????,N/A,Tecno_POP10
Performance,I love it,N/A,Tecno_POP10
Excllent,Very good and light... Keep it up...,N/A,Tecno_POP10
Nice buy,Couldn't use the free gift data attached,N/A,Tecno_POP10
Good camera too,Good phone,N/A,Tecno_POP10
I like it,It's nice ....and it's a quality phone I would recommend....,N/A,Tecno_POP10
NICE,"It's a lovely budget phone, it really serves its purpose",N/A,Tecno_POP10
I like it,Is a good product,N/A,Tecno_POP10
i like the build,Nice display,N/A,Tecno_POP10
the phone is slow is operating,The phone is slow in operating,N/A,Tecno_POP10
I love it,Beautiful ????,N/A,Tecno_POP10
Performance,I love it,N/A,Tecno_POP10
Excllent,Very good and light... Keep it up...,N/A,Tecno_POP10
Nice buy,Couldn't use the free gift data attached,N/A,Tecno_POP10
Good camera too,Good phone,N/A,Tecno_POP10
I like it,It's nice ....and it's a quality phone I would recommend....,N/A,Tecno_POP10
NICE,"It's a lovely budget phone, it really serves its purpose",N/A,Tecno_POP10
I like it,Is a good product,N/A,Tecno_POP10
i like the build,Nice display,N/A,Tecno_POP10
the phone is slow is operating,The phone is slow in operating,N/A,Tecno_POP10
I love it,Beautiful ????,N/A,Tecno_POP10
Performance,I love it,N/A,Tecno_POP10
Excllent,Very good and light... Keep it up...,N/A,Tecno_POP10
Nice buy,Couldn't use the free gift data attached,N/A,Tecno_POP10
Good camera too,Good phone,N/A,Tecno_POP10
I like it,It's nice ....and it's a quality phone I would recommend....,N/A,Tecno_POP10
NICE,"It's a lovely budget phone, it really serves its purpose",N/A,Tecno_POP10
I like it,Is a good product,N/A,Tecno_POP10
i like the build,Nice display,N/A,Tecno_POP10
the phone is slow is operating,The phone is slow in operating,N/A,Tecno_POP10
I love it,Beautiful ????,N/A,Tecno_POP10
Performance,I love it,N/A,Tecno_POP10
Excllent,Very good and light... Keep it up...,N/A,Tecno_POP10
Nice buy,Couldn't use the free gift data attached,N/A,Tecno_POP10
Good camera too,Good phone,N/A,Tecno_POP10
I like it,It's nice ....and it's a quality phone I would recommend....,N/A,Tecno_POP10
NICE,"It's a lovely budget phone, it really serves its purpose",N/A,Tecno_POP10
I like it,Is a good product,N/A,Tecno_POP10
i like the build,Nice display,N/A,Tecno_POP10
the phone is slow is operating,The phone is slow in operating,N/A,Tecno_POP10
I love it,Beautiful ????,N/A,Tecno_POP10
Performance,I love it,N/A,Tecno_POP10
Excllent,Very good and light... Keep it up...,N/A,Tecno_POP10
Nice buy,Couldn't use the free gift data attached,N/A,Tecno_POP10
Good camera too,Good phone,N/A,Tecno_POP10
I like it,It's nice ....and it's a quality phone I would recommend....,N/A,Tecno_POP10
NICE,"It's a lovely budget phone, it really serves its purpose",N/A,Tecno_POP10
I like it,Is a good product,N/A,Tecno_POP10
i like the build,Nice display,N/A,Tecno_POP10
the phone is slow is operating,The phone is slow in operating,N/A,Tecno_POP10
I love it,Beautiful ????,N/A,Tecno_POP10
Performance,I love it,N/A,Tecno_POP10
Excllent,Very good and light... Keep it up...,N/A,Tecno_POP10
Nice buy,Couldn't use the free gift data attached,N/A,Tecno_POP10
Good camera too,Good phone,N/A,Tecno_POP10
I like it,It's nice ....and it's a quality phone I would recommend....,N/A,Tecno_POP10
NICE,"It's a lovely budget phone, it really serves its purpose",N/A,Tecno_POP10
I like it,Is a good product,N/A,Tecno_POP10
i like the build,Nice display,N/A,Tecno_POP10
the phone is slow is operating,The phone is slow in operating,N/A,Tecno_POP10
I love it,Beautiful ????,N/A,Tecno_POP10
Performance,I love it,N/A,Tecno_POP10
Excllent,Very good and light... Keep it up...,N/A,Tecno_POP10
Nice buy,Couldn't use the free gift data attached,N/A,Tecno_POP10
Good camera too,Good phone,N/A,Tecno_POP10
I like it,It's nice ....and it's a quality phone I would recommend....,N/A,Tecno_POP10
NICE,"It's a lovely budget phone, it really serves its purpose",N/A,Tecno_POP10
I love it,It working perfectly,N/A,Redmi_A5
I like it,"I got exactly what I ordered for, thanks",N/A,Redmi_A5
Mr,Great product,N/A,Redmi_A5
Phone review,Very smooth strong battery Good for gaming Nice camera,N/A,Redmi_A5
I love it,My Woman Loves it and it's just as described.,N/A,Redmi_A5
Smooth,Nice,N/A,Redmi_A5
Good phone,It's a smart phone indeed,N/A,Redmi_A5
Good,Very reliable,N/A,Redmi_A5
Nice phone,Bought for my mom She is loving it,N/A,Redmi_A5
Good,Exactly what is in the picture Keep up,N/A,Redmi_A5
The best phone ever,The best thing I have bought here since I starting shopping here,N/A,Redmi_A5
I love it.,The phone is working perfectly for now.,N/A,Redmi_A5
Nice device,Strong and nice phone,N/A,Redmi_A5
Second purchase good buy,Good buy,N/A,Redmi_A5
Excellent,So nice,N/A,Redmi_A5
I like it,"Working perfectly, real machine as the owner said ..",N/A,Redmi_A5
good,I recommended it,N/A,Redmi_A5
Battery durability,Battery long lasting,N/A,Redmi_A5
good battery life,It is fast and the battery is strong,N/A,Redmi_A5
Very good. No issues yet,Very good. No issues yet,N/A,Redmi_A5
Phone,It was in perfect working condition and exactly as seen,N/A,Redmi_A5
The sound is bad,The phone sound stopped working.,N/A,Redmi_A5
nice,It's smart,N/A,Redmi_A5
Lovely,I bought it for my mum she love it,N/A,Redmi_A5
nice,Nice,N/A,Redmi_A5
Xiomi A5,The product is good as well as the pickup process,N/A,Redmi_A5
Review,Affordable and quite aesthically pleasing,N/A,Redmi_A5
xiamo redmi,I like the product,N/A,Redmi_A5
I like it,In good condition,N/A,Redmi_A5
I like it,One of the best product ever,N/A,Redmi_A5
Everything,The best,N/A,Redmi_A5
phones,Best,N/A,Redmi_A5
I like it,Exactly what I ordered,N/A,Redmi_A5
very good product,A recommendable one You would love it ????,N/A,Redmi_A5
Good phone,My parents loved it,N/A,Redmi_A5
Redmi a5 Is the best,Graphics,N/A,Redmi_A5
camera,It's portable,N/A,Redmi_A5
redmi,It perfect,N/A,Redmi_A5
perfect,Good to use,N/A,Redmi_A5
Well packaged,So light and smart,N/A,Redmi_A5
I love it,It was fantastic ????,N/A,Redmi_A5
satisfactory,satisfactory,N/A,Redmi_A5
battery,Very good phone with strong battery,N/A,Redmi_A5
Good phone,Very good,N/A,Redmi_A5
A nice budget phone,The phone does everything as advertised,N/A,Redmi_A5
perfect,It look good network is sharp and camera sharp,N/A,Redmi_A5
nice,Very good phone,N/A,Redmi_A5
Recommend,It's a good and perfect buy for now!,N/A,Redmi_A5
so great,I like the phone,N/A,Redmi_A5
I love it,It's a nice budget phone. Go for the 4gb/128gb if you need a more smooth experience,N/A,Redmi_A5
like,I bought it for my wife and she like it,N/A,Redmi_A5
Exactly as advertised,Works perfectly,N/A,Redmi_A5
excellent,My wife really enjoys the phone,N/A,Redmi_A5
Original.,Exactly what I ordered,N/A,Redmi_A5
Very nice,Work properly,N/A,Redmi_A5
Redmi A5,It's amazing ????❤️,N/A,Redmi_A5
Gooo,It good product,N/A,Redmi_A5
Satisfied so far ...,I'm not so sure about the camera quality so far yet...but it has been a good experience so far...I was so worried about the small RAM but I was able to extend it so that works ..,N/A,Redmi_A5
Love the phone,The phone is very nice with a good long long-lasting battery,N/A,Redmi_A5
I love it,I love the product and this is my first time using xiaomi redmi the battery is real ????,N/A,Redmi_A5
Poor battery,The battery doesn’t last,N/A,Redmi_A5
I like it,It's okay,N/A,Redmi_A5
I like it,Working based on specification.,N/A,Redmi_A5
very good,Battery last longer camera very clear.. overall very good product,N/A,Redmi_A5
Good product,Very nice and okay,N/A,Redmi_A5
the performance,It's perfect,N/A,Redmi_A5
redmi A5,Perfectly fine,N/A,Redmi_A5
price,"The product is very good, well packaged, and came at a good price",N/A,Redmi_A5
Good product,I bought it for my mom and she’s loving it,N/A,Redmi_A5
Excellent,I love it,N/A,Redmi_A5
Good product,The battery is strong,N/A,Redmi_A5
Great,It's actually a great phone ????????,N/A,Redmi_A5
Fantastic,I like it for everything. I'm typing this review with the phone.,N/A,Redmi_A5
Good one,Nice product,N/A,Redmi_A5
i like it,Excellent,N/A,Redmi_A5
Good product,My Nephew is enjoying the phone,N/A,Redmi_A5
classic,My client love it,N/A,Redmi_A5
A good phone,The hone is as shown. Redmi is taking over the phone world gradually,N/A,Redmi_A5
I love it,The phone is good,N/A,Redmi_A5
i love it,"The phone is on of the best phone, it has been working fine since I bought it",N/A,Redmi_A5
I have mixed feelings,"I bought the phone for my daughter,she complained about the phone not having screenshot,eye care & some other features.the maker's of this phone should improve.",N/A,Redmi_A5
Exalty What i ordered,Durable,N/A,Redmi_A5
very good,Great ????????????,N/A,Redmi_A5
Okay for the price,The specs are good considering the price,N/A,Redmi_A5
Good,Very nice my mom loves it ????,N/A,Redmi_A5
I like it,I love the phone very fast phone,N/A,Redmi_A5
Perfect,I love the phone is giving the vibe,N/A,Redmi_A5
Awesome.,My first time of using Xiaomi product and I can say is the best. My phone even came Nivea body cream as a free gift which worth 6k in the market.,N/A,Redmi_A5
product,A very good phone I recommend,N/A,Redmi_A5
nothing bad about it,Good,N/A,Redmi_A5
perfect,"Exactly has described, the battery is very strong .",N/A,Redmi_A5
I like it,It's nice,N/A,Redmi_A5
I like it,It’s a good product,N/A,Redmi_A5
quality,"It has a quality assurance, it's smart The company should maintain their quality products supply",N/A,Redmi_A5
Redmi A5,The battery is stronger,N/A,Redmi_A5
i love it,The battery life is superb,N/A,Redmi_A5
nice,Good,N/A,Redmi_A5
"It’s fast, long battery life",This is amazing ????????????????,N/A,Redmi_A5
Too good,Too great,N/A,Redmi_A5
the phone is good,Everything about the phone,N/A,Redmi_A5
REDMI A5,Good phone My wife love it,N/A,Redmi_A5
very good product,"It works very faster, they battery is last",N/A,Redmi_A5
It's cool for now,Amazing,N/A,Redmi_A5
Redmi A5 Review,"I like the design, processor and battery",N/A,Redmi_A5
Exactly what I ordered,It’s good to go for it,N/A,Redmi_A5
Nice Product,Bought it for someone and it’s really nice,N/A,Redmi_A5
very magnificient,Awesome,N/A,Redmi_A5
Good but need improvement,The two sims doesn't have different ringtones,N/A,Redmi_A5
Good,Good product,N/A,Redmi_A5
The phone is perfect,"Fast, smooth and very good battery life. I love it",N/A,Redmi_A5
nice one,Improve on the Rom,N/A,Redmi_A5
Good,I like it,N/A,Redmi_A5
awsome,Great device,N/A,Redmi_A5
excellent,Good phone with strong battery,N/A,Redmi_A5
Very cool phone,Very fast,N/A,Redmi_A5
i love it,Excellent Excellent ????,N/A,Redmi_A5
I like the phone,The phone is smart,N/A,Redmi_A5
Supper cool,Smart ???? And feeling better,N/A,Redmi_A5
phone,Nice product Nice product,N/A,Redmi_A5
GoodProduct,Haven't had any issues with it,N/A,Redmi_A5
I love it,The phone is giving the exact vibe I’ve been looking out for in an Android phone,N/A,Redmi_A5
I like it,"So far, its been very good.",N/A,Redmi_A5
the camera and the design is super cool,"I Love it, what a wonderful phone",N/A,Redmi_A5
Great product,Exactly as described,N/A,Redmi_A5
Fantastic phone,It's a great phone so far Plays even the games some androids will reject Camera is topnotch And battery na power bank tbh A great buy,N/A,Redmi_A5
Nice product,I love it very nice battery is good,N/A,Redmi_A5
not bad,It's ok though,N/A,Redmi_A5
Everything about the phone is superb,Satisfactory,N/A,Redmi_A5
just okay,This phone is manageable. Screen is not bright.,N/A,Redmi_A5
i like it,perfect for d price,N/A,Redmi_A5
what i ordered was what i got.i,Everything about the phone is top notch,N/A,Redmi_A5
nice one,that is so fantastic,N/A,Redmi_A5
I like it,It's very good and quality product,N/A,Redmi_A5
good,Very good,N/A,Redmi_A5
Nice,Awesome phone,N/A,Redmi_A5
excellent,Well perfect and cool,N/A,Redmi_A5
Is nice,Good product,N/A,Redmi_A5
Great,The phone is smart and it makes sense,N/A,Redmi_A5
great,Strong battery,N/A,Redmi_A5
I like it!,Good one,N/A,Redmi_A5
Good,Good,N/A,Redmi_A5
good phone,Lovely ????. Got it for my babe; she loves it,N/A,Redmi_A5
Good,"Love the phone, and it's what I ordered",N/A,Redmi_A5
same as ordered,Order was complete with good quality,N/A,Redmi_A5
I like it,The product is okay,N/A,Redmi_A5
Very very good,Just as seen very very good and working perfectly okay,N/A,Redmi_A5
Nice one,It's working perfectly,N/A,Redmi_A5
It's amazing,"Words can't do justice to this phone, it's so beautiful with long lasting battery for a game lover like me, and doesn't hang like other phones",N/A,Redmi_A5
Loving it so far,"No problems with it so far. The battery is Ok, the build quality is just amazing for the price, the sound quality from the speaker is good and the screen is actually very nice with good and punchy colors and nice touch response. Haven't experienced lagging so far.",N/A,Redmi_A5
Nice product,"My first ever Redmi product owned???? I love it, exactly what I ordered and got???? And good battery life",N/A,Redmi_A5
I love it,It working perfectly,N/A,Redmi_A5
I like it,"I got exactly what I ordered for, thanks",N/A,Redmi_A5
Mr,Great product,N/A,Redmi_A5
Phone review,Very smooth strong battery Good for gaming Nice camera,N/A,Redmi_A5
I love it,My Woman Loves it and it's just as described.,N/A,Redmi_A5
Smooth,Nice,N/A,Redmi_A5
Good phone,It's a smart phone indeed,N/A,Redmi_A5
Good,Very reliable,N/A,Redmi_A5
Nice phone,Bought for my mom She is loving it,N/A,Redmi_A5
Good,Exactly what is in the picture Keep up,N/A,Redmi_A5
I love it,It working perfectly,N/A,Redmi_A5
I like it,"I got exactly what I ordered for, thanks",N/A,Redmi_A5
Mr,Great product,N/A,Redmi_A5
Phone review,Very smooth strong battery Good for gaming Nice camera,N/A,Redmi_A5
I love it,My Woman Loves it and it's just as described.,N/A,Redmi_A5
Smooth,Nice,N/A,Redmi_A5
Good phone,It's a smart phone indeed,N/A,Redmi_A5
Good,Very reliable,N/A,Redmi_A5
Nice phone,Bought for my mom She is loving it,N/A,Redmi_A5
Good,Exactly what is in the picture Keep up,N/A,Redmi_A5
I love it,It working perfectly,N/A,Redmi_A5
I like it,"I got exactly what I ordered for, thanks",N/A,Redmi_A5
Mr,Great product,N/A,Redmi_A5
Phone review,Very smooth strong battery Good for gaming Nice camera,N/A,Redmi_A5
I love it,My Woman Loves it and it's just as described.,N/A,Redmi_A5
Smooth,Nice,N/A,Redmi_A5
Good phone,It's a smart phone indeed,N/A,Redmi_A5
Good,Very reliable,N/A,Redmi_A5
Nice phone,Bought for my mom She is loving it,N/A,Redmi_A5
Good,Exactly what is in the picture Keep up,N/A,Redmi_A5
I love it,It working perfectly,N/A,Redmi_A5
I like it,"I got exactly what I ordered for, thanks",N/A,Redmi_A5
Mr,Great product,N/A,Redmi_A5
Phone review,Very smooth strong battery Good for gaming Nice camera,N/A,Redmi_A5
I love it,My Woman Loves it and it's just as described.,N/A,Redmi_A5
Smooth,Nice,N/A,Redmi_A5
Good phone,It's a smart phone indeed,N/A,Redmi_A5
Good,Very reliable,N/A,Redmi_A5
Nice phone,Bought for my mom She is loving it,N/A,Redmi_A5
Good,Exactly what is in the picture Keep up,N/A,Redmi_A5
I love it,It working perfectly,N/A,Redmi_A5
I like it,"I got exactly what I ordered for, thanks",N/A,Redmi_A5
Mr,Great product,N/A,Redmi_A5
Phone review,Very smooth strong battery Good for gaming Nice camera,N/A,Redmi_A5
I love it,My Woman Loves it and it's just as described.,N/A,Redmi_A5
Smooth,Nice,N/A,Redmi_A5
Good phone,It's a smart phone indeed,N/A,Redmi_A5
Good,Very reliable,N/A,Redmi_A5
Nice phone,Bought for my mom She is loving it,N/A,Redmi_A5
Good,Exactly what is in the picture Keep up,N/A,Redmi_A5
I love it,It working perfectly,N/A,Redmi_A5
I like it,"I got exactly what I ordered for, thanks",N/A,Redmi_A5
Mr,Great product,N/A,Redmi_A5
Phone review,Very smooth strong battery Good for gaming Nice camera,N/A,Redmi_A5
I love it,My Woman Loves it and it's just as described.,N/A,Redmi_A5
Smooth,Nice,N/A,Redmi_A5
Good phone,It's a smart phone indeed,N/A,Redmi_A5
Good,Very reliable,N/A,Redmi_A5
Nice phone,Bought for my mom She is loving it,N/A,Redmi_A5
Good,Exactly what is in the picture Keep up,N/A,Redmi_A5
I love it,It working perfectly,N/A,Redmi_A5
I like it,"I got exactly what I ordered for, thanks",N/A,Redmi_A5
Mr,Great product,N/A,Redmi_A5
Phone review,Very smooth strong battery Good for gaming Nice camera,N/A,Redmi_A5
I love it,My Woman Loves it and it's just as described.,N/A,Redmi_A5
Smooth,Nice,N/A,Redmi_A5
Good phone,It's a smart phone indeed,N/A,Redmi_A5
Good,Very reliable,N/A,Redmi_A5
Nice phone,Bought for my mom She is loving it,N/A,Redmi_A5
Good,Exactly what is in the picture Keep up,N/A,Redmi_A5
I love it,It working perfectly,N/A,Redmi_A5
I like it,"I got exactly what I ordered for, thanks",N/A,Redmi_A5
Mr,Great product,N/A,Redmi_A5
Phone review,Very smooth strong battery Good for gaming Nice camera,N/A,Redmi_A5
I love it,My Woman Loves it and it's just as described.,N/A,Redmi_A5
Smooth,Nice,N/A,Redmi_A5
Good phone,It's a smart phone indeed,N/A,Redmi_A5
Good,Very reliable,N/A,Redmi_A5
Nice phone,Bought for my mom She is loving it,N/A,Redmi_A5
Good,Exactly what is in the picture Keep up,N/A,Redmi_A5
I love it,It working perfectly,N/A,Redmi_A5
I like it,"I got exactly what I ordered for, thanks",N/A,Redmi_A5
Mr,Great product,N/A,Redmi_A5
Phone review,Very smooth strong battery Good for gaming Nice camera,N/A,Redmi_A5
I love it,My Woman Loves it and it's just as described.,N/A,Redmi_A5
Smooth,Nice,N/A,Redmi_A5
Good phone,It's a smart phone indeed,N/A,Redmi_A5
Good,Very reliable,N/A,Redmi_A5
Nice phone,Bought for my mom She is loving it,N/A,Redmi_A5
Good,Exactly what is in the picture Keep up,N/A,Redmi_A5
I love it,It working perfectly,N/A,Redmi_A5
I like it,"I got exactly what I ordered for, thanks",N/A,Redmi_A5
Mr,Great product,N/A,Redmi_A5
Phone review,Very smooth strong battery Good for gaming Nice camera,N/A,Redmi_A5
I love it,My Woman Loves it and it's just as described.,N/A,Redmi_A5
Smooth,Nice,N/A,Redmi_A5
Good phone,It's a smart phone indeed,N/A,Redmi_A5
Good,Very reliable,N/A,Redmi_A5
Nice phone,Bought for my mom She is loving it,N/A,Redmi_A5
Good,Exactly what is in the picture Keep up,N/A,Redmi_A5
I love it,It working perfectly,N/A,Redmi_A5
I like it,"I got exactly what I ordered for, thanks",N/A,Redmi_A5
Mr,Great product,N/A,Redmi_A5
Phone review,Very smooth strong battery Good for gaming Nice camera,N/A,Redmi_A5
I love it,My Woman Loves it and it's just as described.,N/A,Redmi_A5
Smooth,Nice,N/A,Redmi_A5
Good phone,It's a smart phone indeed,N/A,Redmi_A5
Good,Very reliable,N/A,Redmi_A5
Nice phone,Bought for my mom She is loving it,N/A,Redmi_A5
Good,Exactly what is in the picture Keep up,N/A,Redmi_A5
I love it,It working perfectly,N/A,Redmi_A5
I like it,"I got exactly what I ordered for, thanks",N/A,Redmi_A5
Mr,Great product,N/A,Redmi_A5
Phone review,Very smooth strong battery Good for gaming Nice camera,N/A,Redmi_A5
I love it,My Woman Loves it and it's just as described.,N/A,Redmi_A5
Smooth,Nice,N/A,Redmi_A5
Good phone,It's a smart phone indeed,N/A,Redmi_A5
Good,Very reliable,N/A,Redmi_A5
Nice phone,Bought for my mom She is loving it,N/A,Redmi_A5
Good,Exactly what is in the picture Keep up,N/A,Redmi_A5
I love it,It working perfectly,N/A,Redmi_A5
I like it,"I got exactly what I ordered for, thanks",N/A,Redmi_A5
Mr,Great product,N/A,Redmi_A5
Phone review,Very smooth strong battery Good for gaming Nice camera,N/A,Redmi_A5
I love it,My Woman Loves it and it's just as described.,N/A,Redmi_A5
Smooth,Nice,N/A,Redmi_A5
Good phone,It's a smart phone indeed,N/A,Redmi_A5
Good,Very reliable,N/A,Redmi_A5
Nice phone,Bought for my mom She is loving it,N/A,Redmi_A5
Good,Exactly what is in the picture Keep up,N/A,Redmi_A5
I love it,It working perfectly,N/A,Redmi_A5
I like it,"I got exactly what I ordered for, thanks",N/A,Redmi_A5
Mr,Great product,N/A,Redmi_A5
Phone review,Very smooth strong battery Good for gaming Nice camera,N/A,Redmi_A5
I love it,My Woman Loves it and it's just as described.,N/A,Redmi_A5
Smooth,Nice,N/A,Redmi_A5
Good phone,It's a smart phone indeed,N/A,Redmi_A5
Good,Very reliable,N/A,Redmi_A5
Nice phone,Bought for my mom She is loving it,N/A,Redmi_A5
Good,Exactly what is in the picture Keep up,N/A,Redmi_A5
I love it,It working perfectly,N/A,Redmi_A5
I like it,"I got exactly what I ordered for, thanks",N/A,Redmi_A5
Mr,Great product,N/A,Redmi_A5
Phone review,Very smooth strong battery Good for gaming Nice camera,N/A,Redmi_A5
I love it,My Woman Loves it and it's just as described.,N/A,Redmi_A5
Smooth,Nice,N/A,Redmi_A5
Good phone,It's a smart phone indeed,N/A,Redmi_A5
Good,Very reliable,N/A,Redmi_A5
Nice phone,Bought for my mom She is loving it,N/A,Redmi_A5
Good,Exactly what is in the picture Keep up,N/A,Redmi_A5
I love it,It working perfectly,N/A,Redmi_A5
I like it,"I got exactly what I ordered for, thanks",N/A,Redmi_A5
Mr,Great product,N/A,Redmi_A5
Phone review,Very smooth strong battery Good for gaming Nice camera,N/A,Redmi_A5
I love it,My Woman Loves it and it's just as described.,N/A,Redmi_A5
Smooth,Nice,N/A,Redmi_A5
Good phone,It's a smart phone indeed,N/A,Redmi_A5
Good,Very reliable,N/A,Redmi_A5
Nice phone,Bought for my mom She is loving it,N/A,Redmi_A5
Good,Exactly what is in the picture Keep up,N/A,Redmi_A5
I love it,It working perfectly,N/A,Redmi_A5
I like it,"I got exactly what I ordered for, thanks",N/A,Redmi_A5
Mr,Great product,N/A,Redmi_A5
Phone review,Very smooth strong battery Good for gaming Nice camera,N/A,Redmi_A5
I love it,My Woman Loves it and it's just as described.,N/A,Redmi_A5
Smooth,Nice,N/A,Redmi_A5
Good phone,It's a smart phone indeed,N/A,Redmi_A5
Good,Very reliable,N/A,Redmi_A5
Nice phone,Bought for my mom She is loving it,N/A,Redmi_A5
Good,Exactly what is in the picture Keep up,N/A,Redmi_A5
I love it,It working perfectly,N/A,Redmi_A5
I like it,"I got exactly what I ordered for, thanks",N/A,Redmi_A5
Mr,Great product,N/A,Redmi_A5
Phone review,Very smooth strong battery Good for gaming Nice camera,N/A,Redmi_A5
I love it,My Woman Loves it and it's just as described.,N/A,Redmi_A5
Smooth,Nice,N/A,Redmi_A5
Good phone,It's a smart phone indeed,N/A,Redmi_A5
Good,Very reliable,N/A,Redmi_A5
Nice phone,Bought for my mom She is loving it,N/A,Redmi_A5
Good,Exactly what is in the picture Keep up,N/A,Redmi_A5
I love it,It working perfectly,N/A,Redmi_A5
I like it,"I got exactly what I ordered for, thanks",N/A,Redmi_A5
Mr,Great product,N/A,Redmi_A5
Phone review,Very smooth strong battery Good for gaming Nice camera,N/A,Redmi_A5
I love it,My Woman Loves it and it's just as described.,N/A,Redmi_A5
Smooth,Nice,N/A,Redmi_A5
Good phone,It's a smart phone indeed,N/A,Redmi_A5
Good,Very reliable,N/A,Redmi_A5
Nice phone,Bought for my mom She is loving it,N/A,Redmi_A5
Good,Exactly what is in the picture Keep up,N/A,Redmi_A5
I love it,It working perfectly,N/A,Redmi_A5
I like it,"I got exactly what I ordered for, thanks",N/A,Redmi_A5
Mr,Great product,N/A,Redmi_A5
Phone review,Very smooth strong battery Good for gaming Nice camera,N/A,Redmi_A5
I love it,My Woman Loves it and it's just as described.,N/A,Redmi_A5
Smooth,Nice,N/A,Redmi_A5
Good phone,It's a smart phone indeed,N/A,Redmi_A5
Good,Very reliable,N/A,Redmi_A5
Nice phone,Bought for my mom She is loving it,N/A,Redmi_A5
Good,Exactly what is in the picture Keep up,N/A,Redmi_A5
I love it,It working perfectly,N/A,Redmi_A5
I like it,"I got exactly what I ordered for, thanks",N/A,Redmi_A5
Mr,Great product,N/A,Redmi_A5
Phone review,Very smooth strong battery Good for gaming Nice camera,N/A,Redmi_A5
I love it,My Woman Loves it and it's just as described.,N/A,Redmi_A5
Smooth,Nice,N/A,Redmi_A5
Good phone,It's a smart phone indeed,N/A,Redmi_A5
Good,Very reliable,N/A,Redmi_A5
Nice phone,Bought for my mom She is loving it,N/A,Redmi_A5
Good,Exactly what is in the picture Keep up,N/A,Redmi_A5
I love it,It working perfectly,N/A,Redmi_A5
I like it,"I got exactly what I ordered for, thanks",N/A,Redmi_A5
Mr,Great product,N/A,Redmi_A5
Phone review,Very smooth strong battery Good for gaming Nice camera,N/A,Redmi_A5
I love it,My Woman Loves it and it's just as described.,N/A,Redmi_A5
Smooth,Nice,N/A,Redmi_A5
Good phone,It's a smart phone indeed,N/A,Redmi_A5
Good,Very reliable,N/A,Redmi_A5
Nice phone,Bought for my mom She is loving it,N/A,Redmi_A5
Good,Exactly what is in the picture Keep up,N/A,Redmi_A5
I love it,It working perfectly,N/A,Redmi_A5
I like it,"I got exactly what I ordered for, thanks",N/A,Redmi_A5
Mr,Great product,N/A,Redmi_A5
Phone review,Very smooth strong battery Good for gaming Nice camera,N/A,Redmi_A5
I love it,My Woman Loves it and it's just as described.,N/A,Redmi_A5
Smooth,Nice,N/A,Redmi_A5
Good phone,It's a smart phone indeed,N/A,Redmi_A5
Good,Very reliable,N/A,Redmi_A5
Nice phone,Bought for my mom She is loving it,N/A,Redmi_A5
Good,Exactly what is in the picture Keep up,N/A,Redmi_A5
I love it,It working perfectly,N/A,Redmi_A5
I like it,"I got exactly what I ordered for, thanks",N/A,Redmi_A5
Mr,Great product,N/A,Redmi_A5
Phone review,Very smooth strong battery Good for gaming Nice camera,N/A,Redmi_A5
I love it,My Woman Loves it and it's just as described.,N/A,Redmi_A5
Smooth,Nice,N/A,Redmi_A5
Good phone,It's a smart phone indeed,N/A,Redmi_A5
Good,Very reliable,N/A,Redmi_A5
Nice phone,Bought for my mom She is loving it,N/A,Redmi_A5
Good,Exactly what is in the picture Keep up,N/A,Redmi_A5
I love it,It working perfectly,N/A,Redmi_A5
I like it,"I got exactly what I ordered for, thanks",N/A,Redmi_A5
Mr,Great product,N/A,Redmi_A5
Phone review,Very smooth strong battery Good for gaming Nice camera,N/A,Redmi_A5
I love it,My Woman Loves it and it's just as described.,N/A,Redmi_A5
Smooth,Nice,N/A,Redmi_A5
Good phone,It's a smart phone indeed,N/A,Redmi_A5
Good,Very reliable,N/A,Redmi_A5
Nice phone,Bought for my mom She is loving it,N/A,Redmi_A5
Good,Exactly what is in the picture Keep up,N/A,Redmi_A5
I love it,It working perfectly,N/A,Redmi_A5
I like it,"I got exactly what I ordered for, thanks",N/A,Redmi_A5
Mr,Great product,N/A,Redmi_A5
Phone review,Very smooth strong battery Good for gaming Nice camera,N/A,Redmi_A5
I love it,My Woman Loves it and it's just as described.,N/A,Redmi_A5
Smooth,Nice,N/A,Redmi_A5
Good phone,It's a smart phone indeed,N/A,Redmi_A5
Good,Very reliable,N/A,Redmi_A5
Nice phone,Bought for my mom She is loving it,N/A,Redmi_A5
Good,Exactly what is in the picture Keep up,N/A,Redmi_A5
I love it,It working perfectly,N/A,Redmi_A5
I like it,"I got exactly what I ordered for, thanks",N/A,Redmi_A5
Mr,Great product,N/A,Redmi_A5
Phone review,Very smooth strong battery Good for gaming Nice camera,N/A,Redmi_A5
I love it,My Woman Loves it and it's just as described.,N/A,Redmi_A5
Smooth,Nice,N/A,Redmi_A5
Good phone,It's a smart phone indeed,N/A,Redmi_A5
Good,Very reliable,N/A,Redmi_A5
Nice phone,Bought for my mom She is loving it,N/A,Redmi_A5
Good,Exactly what is in the picture Keep up,N/A,Redmi_A5
I love it,It working perfectly,N/A,Redmi_A5
I like it,"I got exactly what I ordered for, thanks",N/A,Redmi_A5
Mr,Great product,N/A,Redmi_A5
Phone review,Very smooth strong battery Good for gaming Nice camera,N/A,Redmi_A5
I love it,My Woman Loves it and it's just as described.,N/A,Redmi_A5
Smooth,Nice,N/A,Redmi_A5
Good phone,It's a smart phone indeed,N/A,Redmi_A5
Good,Very reliable,N/A,Redmi_A5
Nice phone,Bought for my mom She is loving it,N/A,Redmi_A5
Good,Exactly what is in the picture Keep up,N/A,Redmi_A5
I love it,It working perfectly,N/A,Redmi_A5
I like it,"I got exactly what I ordered for, thanks",N/A,Redmi_A5
Mr,Great product,N/A,Redmi_A5
Phone review,Very smooth strong battery Good for gaming Nice camera,N/A,Redmi_A5
I love it,My Woman Loves it and it's just as described.,N/A,Redmi_A5
Smooth,Nice,N/A,Redmi_A5
Good phone,It's a smart phone indeed,N/A,Redmi_A5
Good,Very reliable,N/A,Redmi_A5
Nice phone,Bought for my mom She is loving it,N/A,Redmi_A5
Good,Exactly what is in the picture Keep up,N/A,Redmi_A5
I love it,It working perfectly,N/A,Redmi_A5
I like it,"I got exactly what I ordered for, thanks",N/A,Redmi_A5
Mr,Great product,N/A,Redmi_A5
Phone review,Very smooth strong battery Good for gaming Nice camera,N/A,Redmi_A5
I love it,My Woman Loves it and it's just as described.,N/A,Redmi_A5
Smooth,Nice,N/A,Redmi_A5
Good phone,It's a smart phone indeed,N/A,Redmi_A5
Good,Very reliable,N/A,Redmi_A5
Nice phone,Bought for my mom She is loving it,N/A,Redmi_A5
Good,Exactly what is in the picture Keep up,N/A,Redmi_A5
I love it,It working perfectly,N/A,Redmi_A5
I like it,"I got exactly what I ordered for, thanks",N/A,Redmi_A5
Mr,Great product,N/A,Redmi_A5
Phone review,Very smooth strong battery Good for gaming Nice camera,N/A,Redmi_A5
I love it,My Woman Loves it and it's just as described.,N/A,Redmi_A5
Smooth,Nice,N/A,Redmi_A5
Good phone,It's a smart phone indeed,N/A,Redmi_A5
Good,Very reliable,N/A,Redmi_A5
Nice phone,Bought for my mom She is loving it,N/A,Redmi_A5
Good,Exactly what is in the picture Keep up,N/A,Redmi_A5
I love it,It working perfectly,N/A,Redmi_A5
I like it,"I got exactly what I ordered for, thanks",N/A,Redmi_A5
Mr,Great product,N/A,Redmi_A5
Phone review,Very smooth strong battery Good for gaming Nice camera,N/A,Redmi_A5
I love it,My Woman Loves it and it's just as described.,N/A,Redmi_A5
Smooth,Nice,N/A,Redmi_A5
Good phone,It's a smart phone indeed,N/A,Redmi_A5
Good,Very reliable,N/A,Redmi_A5
Nice phone,Bought for my mom She is loving it,N/A,Redmi_A5
Good,Exactly what is in the picture Keep up,N/A,Redmi_A5
I love it,It working perfectly,N/A,Redmi_A5
I like it,"I got exactly what I ordered for, thanks",N/A,Redmi_A5
Mr,Great product,N/A,Redmi_A5
Phone review,Very smooth strong battery Good for gaming Nice camera,N/A,Redmi_A5
I love it,My Woman Loves it and it's just as described.,N/A,Redmi_A5
Smooth,Nice,N/A,Redmi_A5
Good phone,It's a smart phone indeed,N/A,Redmi_A5
Good,Very reliable,N/A,Redmi_A5
Nice phone,Bought for my mom She is loving it,N/A,Redmi_A5
Good,Exactly what is in the picture Keep up,N/A,Redmi_A5
I love it,It working perfectly,N/A,Redmi_A5
I like it,"I got exactly what I ordered for, thanks",N/A,Redmi_A5
Mr,Great product,N/A,Redmi_A5
Phone review,Very smooth strong battery Good for gaming Nice camera,N/A,Redmi_A5
I love it,My Woman Loves it and it's just as described.,N/A,Redmi_A5
Smooth,Nice,N/A,Redmi_A5
Good phone,It's a smart phone indeed,N/A,Redmi_A5
Good,Very reliable,N/A,Redmi_A5
Nice phone,Bought for my mom She is loving it,N/A,Redmi_A5
Good,Exactly what is in the picture Keep up,N/A,Redmi_A5
I love it,It working perfectly,N/A,Redmi_A5
I like it,"I got exactly what I ordered for, thanks",N/A,Redmi_A5
Mr,Great product,N/A,Redmi_A5
Phone review,Very smooth strong battery Good for gaming Nice camera,N/A,Redmi_A5
I love it,My Woman Loves it and it's just as described.,N/A,Redmi_A5
Smooth,Nice,N/A,Redmi_A5
Good phone,It's a smart phone indeed,N/A,Redmi_A5
Good,Very reliable,N/A,Redmi_A5
Nice phone,Bought for my mom She is loving it,N/A,Redmi_A5
Good,Exactly what is in the picture Keep up,N/A,Redmi_A5
I love it,It working perfectly,N/A,Redmi_A5
I like it,"I got exactly what I ordered for, thanks",N/A,Redmi_A5
Mr,Great product,N/A,Redmi_A5
Phone review,Very smooth strong battery Good for gaming Nice camera,N/A,Redmi_A5
I love it,My Woman Loves it and it's just as described.,N/A,Redmi_A5
Smooth,Nice,N/A,Redmi_A5
Good phone,It's a smart phone indeed,N/A,Redmi_A5
Good,Very reliable,N/A,Redmi_A5
Nice phone,Bought for my mom She is loving it,N/A,Redmi_A5
Good,Exactly what is in the picture Keep up,N/A,Redmi_A5
I love it,It working perfectly,N/A,Redmi_A5
I like it,"I got exactly what I ordered for, thanks",N/A,Redmi_A5
Mr,Great product,N/A,Redmi_A5
Phone review,Very smooth strong battery Good for gaming Nice camera,N/A,Redmi_A5
I love it,My Woman Loves it and it's just as described.,N/A,Redmi_A5
Smooth,Nice,N/A,Redmi_A5
Good phone,It's a smart phone indeed,N/A,Redmi_A5
Good,Very reliable,N/A,Redmi_A5
Nice phone,Bought for my mom She is loving it,N/A,Redmi_A5
Good,Exactly what is in the picture Keep up,N/A,Redmi_A5
I love it,It working perfectly,N/A,Redmi_A5
I like it,"I got exactly what I ordered for, thanks",N/A,Redmi_A5
Mr,Great product,N/A,Redmi_A5
Phone review,Very smooth strong battery Good for gaming Nice camera,N/A,Redmi_A5
I love it,My Woman Loves it and it's just as described.,N/A,Redmi_A5
Smooth,Nice,N/A,Redmi_A5
Good phone,It's a smart phone indeed,N/A,Redmi_A5
Good,Very reliable,N/A,Redmi_A5
Nice phone,Bought for my mom She is loving it,N/A,Redmi_A5
Good,Exactly what is in the picture Keep up,N/A,Redmi_A5
I love it,It working perfectly,N/A,Redmi_A5
I like it,"I got exactly what I ordered for, thanks",N/A,Redmi_A5
Mr,Great product,N/A,Redmi_A5
Phone review,Very smooth strong battery Good for gaming Nice camera,N/A,Redmi_A5
I love it,My Woman Loves it and it's just as described.,N/A,Redmi_A5
Smooth,Nice,N/A,Redmi_A5
Good phone,It's a smart phone indeed,N/A,Redmi_A5
Good,Very reliable,N/A,Redmi_A5
Nice phone,Bought for my mom She is loving it,N/A,Redmi_A5
Good,Exactly what is in the picture Keep up,N/A,Redmi_A5
I love it,It working perfectly,N/A,Redmi_A5
I like it,"I got exactly what I ordered for, thanks",N/A,Redmi_A5
Mr,Great product,N/A,Redmi_A5
Phone review,Very smooth strong battery Good for gaming Nice camera,N/A,Redmi_A5
I love it,My Woman Loves it and it's just as described.,N/A,Redmi_A5
Smooth,Nice,N/A,Redmi_A5
Good phone,It's a smart phone indeed,N/A,Redmi_A5
Good,Very reliable,N/A,Redmi_A5
Nice phone,Bought for my mom She is loving it,N/A,Redmi_A5
Good,Exactly what is in the picture Keep up,N/A,Redmi_A5
I love it,It working perfectly,N/A,Redmi_A5
I like it,"I got exactly what I ordered for, thanks",N/A,Redmi_A5
Mr,Great product,N/A,Redmi_A5
Phone review,Very smooth strong battery Good for gaming Nice camera,N/A,Redmi_A5
I love it,My Woman Loves it and it's just as described.,N/A,Redmi_A5
Smooth,Nice,N/A,Redmi_A5
Good phone,It's a smart phone indeed,N/A,Redmi_A5
Good,Very reliable,N/A,Redmi_A5
Nice phone,Bought for my mom She is loving it,N/A,Redmi_A5
Good,Exactly what is in the picture Keep up,N/A,Redmi_A5
I love it,It working perfectly,N/A,Redmi_A5
I like it,"I got exactly what I ordered for, thanks",N/A,Redmi_A5
Mr,Great product,N/A,Redmi_A5
Phone review,Very smooth strong battery Good for gaming Nice camera,N/A,Redmi_A5
I love it,My Woman Loves it and it's just as described.,N/A,Redmi_A5
Smooth,Nice,N/A,Redmi_A5
Good phone,It's a smart phone indeed,N/A,Redmi_A5
Good,Very reliable,N/A,Redmi_A5
Nice phone,Bought for my mom She is loving it,N/A,Redmi_A5
Good,Exactly what is in the picture Keep up,N/A,Redmi_A5
I love it,It working perfectly,N/A,Redmi_A5
I like it,"I got exactly what I ordered for, thanks",N/A,Redmi_A5
Mr,Great product,N/A,Redmi_A5
Phone review,Very smooth strong battery Good for gaming Nice camera,N/A,Redmi_A5
I love it,My Woman Loves it and it's just as described.,N/A,Redmi_A5
Smooth,Nice,N/A,Redmi_A5
Good phone,It's a smart phone indeed,N/A,Redmi_A5
Good,Very reliable,N/A,Redmi_A5
Nice phone,Bought for my mom She is loving it,N/A,Redmi_A5
Good,Exactly what is in the picture Keep up,N/A,Redmi_A5
I love it,It working perfectly,N/A,Redmi_A5
I like it,"I got exactly what I ordered for, thanks",N/A,Redmi_A5
Mr,Great product,N/A,Redmi_A5
Phone review,Very smooth strong battery Good for gaming Nice camera,N/A,Redmi_A5
I love it,My Woman Loves it and it's just as described.,N/A,Redmi_A5
Smooth,Nice,N/A,Redmi_A5
Good phone,It's a smart phone indeed,N/A,Redmi_A5
Good,Very reliable,N/A,Redmi_A5
Nice phone,Bought for my mom She is loving it,N/A,Redmi_A5
Good,Exactly what is in the picture Keep up,N/A,Redmi_A5
I love it,It working perfectly,N/A,Redmi_A5
I like it,"I got exactly what I ordered for, thanks",N/A,Redmi_A5
Mr,Great product,N/A,Redmi_A5
Phone review,Very smooth strong battery Good for gaming Nice camera,N/A,Redmi_A5
I love it,My Woman Loves it and it's just as described.,N/A,Redmi_A5
Smooth,Nice,N/A,Redmi_A5
Good phone,It's a smart phone indeed,N/A,Redmi_A5
Good,Very reliable,N/A,Redmi_A5
Nice phone,Bought for my mom She is loving it,N/A,Redmi_A5
Good,Exactly what is in the picture Keep up,N/A,Redmi_A5
I love it,It working perfectly,N/A,Redmi_A5
I like it,"I got exactly what I ordered for, thanks",N/A,Redmi_A5
Mr,Great product,N/A,Redmi_A5
Phone review,Very smooth strong battery Good for gaming Nice camera,N/A,Redmi_A5
I love it,My Woman Loves it and it's just as described.,N/A,Redmi_A5
Smooth,Nice,N/A,Redmi_A5
Good phone,It's a smart phone indeed,N/A,Redmi_A5
Good,Very reliable,N/A,Redmi_A5
Nice phone,Bought for my mom She is loving it,N/A,Redmi_A5
Good,Exactly what is in the picture Keep up,N/A,Redmi_A5
I love it,It working perfectly,N/A,Redmi_A5
I like it,"I got exactly what I ordered for, thanks",N/A,Redmi_A5
Mr,Great product,N/A,Redmi_A5
Phone review,Very smooth strong battery Good for gaming Nice camera,N/A,Redmi_A5
I love it,My Woman Loves it and it's just as described.,N/A,Redmi_A5
Smooth,Nice,N/A,Redmi_A5
Good phone,It's a smart phone indeed,N/A,Redmi_A5
Good,Very reliable,N/A,Redmi_A5
Nice phone,Bought for my mom She is loving it,N/A,Redmi_A5
Good,Exactly what is in the picture Keep up,N/A,Redmi_A5
I love it,It working perfectly,N/A,Redmi_A5
I like it,"I got exactly what I ordered for, thanks",N/A,Redmi_A5
Mr,Great product,N/A,Redmi_A5
Phone review,Very smooth strong battery Good for gaming Nice camera,N/A,Redmi_A5
I love it,My Woman Loves it and it's just as described.,N/A,Redmi_A5
Smooth,Nice,N/A,Redmi_A5
Good phone,It's a smart phone indeed,N/A,Redmi_A5
Good,Very reliable,N/A,Redmi_A5
Nice phone,Bought for my mom She is loving it,N/A,Redmi_A5
Good,Exactly what is in the picture Keep up,N/A,Redmi_A5
I love it,It working perfectly,N/A,Redmi_A5
I like it,"I got exactly what I ordered for, thanks",N/A,Redmi_A5
Mr,Great product,N/A,Redmi_A5
Phone review,Very smooth strong battery Good for gaming Nice camera,N/A,Redmi_A5
I love it,My Woman Loves it and it's just as described.,N/A,Redmi_A5
Smooth,Nice,N/A,Redmi_A5
Good phone,It's a smart phone indeed,N/A,Redmi_A5
Good,Very reliable,N/A,Redmi_A5
Nice phone,Bought for my mom She is loving it,N/A,Redmi_A5
Good,Exactly what is in the picture Keep up,N/A,Redmi_A5
I love it,It working perfectly,N/A,Redmi_A5
I like it,"I got exactly what I ordered for, thanks",N/A,Redmi_A5
Mr,Great product,N/A,Redmi_A5
Phone review,Very smooth strong battery Good for gaming Nice camera,N/A,Redmi_A5
I love it,My Woman Loves it and it's just as described.,N/A,Redmi_A5
Smooth,Nice,N/A,Redmi_A5
Good phone,It's a smart phone indeed,N/A,Redmi_A5
Good,Very reliable,N/A,Redmi_A5
Nice phone,Bought for my mom She is loving it,N/A,Redmi_A5
Good,Exactly what is in the picture Keep up,N/A,Redmi_A5
I love it,It working perfectly,N/A,Redmi_A5
I like it,"I got exactly what I ordered for, thanks",N/A,Redmi_A5
Mr,Great product,N/A,Redmi_A5
Phone review,Very smooth strong battery Good for gaming Nice camera,N/A,Redmi_A5
I love it,My Woman Loves it and it's just as described.,N/A,Redmi_A5
Smooth,Nice,N/A,Redmi_A5
Good phone,It's a smart phone indeed,N/A,Redmi_A5
Good,Very reliable,N/A,Redmi_A5
Nice phone,Bought for my mom She is loving it,N/A,Redmi_A5
Good,Exactly what is in the picture Keep up,N/A,Redmi_A5
I love it,It working perfectly,N/A,Redmi_A5
I like it,"I got exactly what I ordered for, thanks",N/A,Redmi_A5
Mr,Great product,N/A,Redmi_A5
Phone review,Very smooth strong battery Good for gaming Nice camera,N/A,Redmi_A5
I love it,My Woman Loves it and it's just as described.,N/A,Redmi_A5
Smooth,Nice,N/A,Redmi_A5
Good phone,It's a smart phone indeed,N/A,Redmi_A5
Good,Very reliable,N/A,Redmi_A5
Nice phone,Bought for my mom She is loving it,N/A,Redmi_A5
Good,Exactly what is in the picture Keep up,N/A,Redmi_A5
I love it,It working perfectly,N/A,Redmi_A5
I like it,"I got exactly what I ordered for, thanks",N/A,Redmi_A5
Mr,Great product,N/A,Redmi_A5
Phone review,Very smooth strong battery Good for gaming Nice camera,N/A,Redmi_A5
I love it,My Woman Loves it and it's just as described.,N/A,Redmi_A5
Smooth,Nice,N/A,Redmi_A5
Good phone,It's a smart phone indeed,N/A,Redmi_A5
Good,Very reliable,N/A,Redmi_A5
Nice phone,Bought for my mom She is loving it,N/A,Redmi_A5
Good,Exactly what is in the picture Keep up,N/A,Redmi_A5
I love it,It working perfectly,N/A,Redmi_A5
I like it,"I got exactly what I ordered for, thanks",N/A,Redmi_A5
Mr,Great product,N/A,Redmi_A5
Phone review,Very smooth strong battery Good for gaming Nice camera,N/A,Redmi_A5
I love it,My Woman Loves it and it's just as described.,N/A,Redmi_A5
Smooth,Nice,N/A,Redmi_A5
Good phone,It's a smart phone indeed,N/A,Redmi_A5
Good,Very reliable,N/A,Redmi_A5
Nice phone,Bought for my mom She is loving it,N/A,Redmi_A5
Good,Exactly what is in the picture Keep up,N/A,Redmi_A5
I love it,It working perfectly,N/A,Redmi_A5
I like it,"I got exactly what I ordered for, thanks",N/A,Redmi_A5
Mr,Great product,N/A,Redmi_A5
Phone review,Very smooth strong battery Good for gaming Nice camera,N/A,Redmi_A5
I love it,My Woman Loves it and it's just as described.,N/A,Redmi_A5
Smooth,Nice,N/A,Redmi_A5
Good phone,It's a smart phone indeed,N/A,Redmi_A5
Good,Very reliable,N/A,Redmi_A5
Nice phone,Bought for my mom She is loving it,N/A,Redmi_A5
Good,Exactly what is in the picture Keep up,N/A,Redmi_A5
I love it,It working perfectly,N/A,Redmi_A5
I like it,"I got exactly what I ordered for, thanks",N/A,Redmi_A5
Mr,Great product,N/A,Redmi_A5
Phone review,Very smooth strong battery Good for gaming Nice camera,N/A,Redmi_A5
I love it,My Woman Loves it and it's just as described.,N/A,Redmi_A5
Smooth,Nice,N/A,Redmi_A5
Good phone,It's a smart phone indeed,N/A,Redmi_A5
Good,Very reliable,N/A,Redmi_A5
Nice phone,Bought for my mom She is loving it,N/A,Redmi_A5
Good,Exactly what is in the picture Keep up,N/A,Redmi_A5
I love it,It working perfectly,N/A,Redmi_A5
I like it,"I got exactly what I ordered for, thanks",N/A,Redmi_A5
Mr,Great product,N/A,Redmi_A5
Phone review,Very smooth strong battery Good for gaming Nice camera,N/A,Redmi_A5
I love it,My Woman Loves it and it's just as described.,N/A,Redmi_A5
Smooth,Nice,N/A,Redmi_A5
Good phone,It's a smart phone indeed,N/A,Redmi_A5
Good,Very reliable,N/A,Redmi_A5
Nice phone,Bought for my mom She is loving it,N/A,Redmi_A5
Good,Exactly what is in the picture Keep up,N/A,Redmi_A5
I love it,It working perfectly,N/A,Redmi_A5
I like it,"I got exactly what I ordered for, thanks",N/A,Redmi_A5
Mr,Great product,N/A,Redmi_A5
Phone review,Very smooth strong battery Good for gaming Nice camera,N/A,Redmi_A5
I love it,My Woman Loves it and it's just as described.,N/A,Redmi_A5
Smooth,Nice,N/A,Redmi_A5
Good phone,It's a smart phone indeed,N/A,Redmi_A5
Good,Very reliable,N/A,Redmi_A5
Nice phone,Bought for my mom She is loving it,N/A,Redmi_A5
Good,Exactly what is in the picture Keep up,N/A,Redmi_A5
I love it,It working perfectly,N/A,Redmi_A5
I like it,"I got exactly what I ordered for, thanks",N/A,Redmi_A5
Mr,Great product,N/A,Redmi_A5
Phone review,Very smooth strong battery Good for gaming Nice camera,N/A,Redmi_A5
I love it,My Woman Loves it and it's just as described.,N/A,Redmi_A5
Smooth,Nice,N/A,Redmi_A5
Good phone,It's a smart phone indeed,N/A,Redmi_A5
Good,Very reliable,N/A,Redmi_A5
Nice phone,Bought for my mom She is loving it,N/A,Redmi_A5
Good,Exactly what is in the picture Keep up,N/A,Redmi_A5
I love it,It working perfectly,N/A,Redmi_A5
I like it,"I got exactly what I ordered for, thanks",N/A,Redmi_A5
Mr,Great product,N/A,Redmi_A5
Phone review,Very smooth strong battery Good for gaming Nice camera,N/A,Redmi_A5
I love it,My Woman Loves it and it's just as described.,N/A,Redmi_A5
Smooth,Nice,N/A,Redmi_A5
Good phone,It's a smart phone indeed,N/A,Redmi_A5
Good,Very reliable,N/A,Redmi_A5
Nice phone,Bought for my mom She is loving it,N/A,Redmi_A5
Good,Exactly what is in the picture Keep up,N/A,Redmi_A5
I love it,It working perfectly,N/A,Redmi_A5
I like it,"I got exactly what I ordered for, thanks",N/A,Redmi_A5
Mr,Great product,N/A,Redmi_A5
Phone review,Very smooth strong battery Good for gaming Nice camera,N/A,Redmi_A5
I love it,My Woman Loves it and it's just as described.,N/A,Redmi_A5
Smooth,Nice,N/A,Redmi_A5
Good phone,It's a smart phone indeed,N/A,Redmi_A5
Good,Very reliable,N/A,Redmi_A5
Nice phone,Bought for my mom She is loving it,N/A,Redmi_A5
Good,Exactly what is in the picture Keep up,N/A,Redmi_A5
I love it,It working perfectly,N/A,Redmi_A5
I like it,"I got exactly what I ordered for, thanks",N/A,Redmi_A5
Mr,Great product,N/A,Redmi_A5
Phone review,Very smooth strong battery Good for gaming Nice camera,N/A,Redmi_A5
I love it,My Woman Loves it and it's just as described.,N/A,Redmi_A5
Smooth,Nice,N/A,Redmi_A5
Good phone,It's a smart phone indeed,N/A,Redmi_A5
Good,Very reliable,N/A,Redmi_A5
Nice phone,Bought for my mom She is loving it,N/A,Redmi_A5
Good,Exactly what is in the picture Keep up,N/A,Redmi_A5
I love it,It working perfectly,N/A,Redmi_A5
I like it,"I got exactly what I ordered for, thanks",N/A,Redmi_A5
Mr,Great product,N/A,Redmi_A5
Phone review,Very smooth strong battery Good for gaming Nice camera,N/A,Redmi_A5
I love it,My Woman Loves it and it's just as described.,N/A,Redmi_A5
Smooth,Nice,N/A,Redmi_A5
Good phone,It's a smart phone indeed,N/A,Redmi_A5
Good,Very reliable,N/A,Redmi_A5
Nice phone,Bought for my mom She is loving it,N/A,Redmi_A5
Good,Exactly what is in the picture Keep up,N/A,Redmi_A5
I love it,It working perfectly,N/A,Redmi_A5
I like it,"I got exactly what I ordered for, thanks",N/A,Redmi_A5
Mr,Great product,N/A,Redmi_A5
Phone review,Very smooth strong battery Good for gaming Nice camera,N/A,Redmi_A5
I love it,My Woman Loves it and it's just as described.,N/A,Redmi_A5
Smooth,Nice,N/A,Redmi_A5
Good phone,It's a smart phone indeed,N/A,Redmi_A5
Good,Very reliable,N/A,Redmi_A5
Nice phone,Bought for my mom She is loving it,N/A,Redmi_A5
Good,Exactly what is in the picture Keep up,N/A,Redmi_A5
I love it,It working perfectly,N/A,Redmi_A5
I like it,"I got exactly what I ordered for, thanks",N/A,Redmi_A5
Mr,Great product,N/A,Redmi_A5
Phone review,Very smooth strong battery Good for gaming Nice camera,N/A,Redmi_A5
I love it,My Woman Loves it and it's just as described.,N/A,Redmi_A5
Smooth,Nice,N/A,Redmi_A5
Good phone,It's a smart phone indeed,N/A,Redmi_A5
Good,Very reliable,N/A,Redmi_A5
Nice phone,Bought for my mom She is loving it,N/A,Redmi_A5
Good,Exactly what is in the picture Keep up,N/A,Redmi_A5
I love it,It working perfectly,N/A,Redmi_A5
I like it,"I got exactly what I ordered for, thanks",N/A,Redmi_A5
Mr,Great product,N/A,Redmi_A5
Phone review,Very smooth strong battery Good for gaming Nice camera,N/A,Redmi_A5
I love it,My Woman Loves it and it's just as described.,N/A,Redmi_A5
Smooth,Nice,N/A,Redmi_A5
Good phone,It's a smart phone indeed,N/A,Redmi_A5
Good,Very reliable,N/A,Redmi_A5
Nice phone,Bought for my mom She is loving it,N/A,Redmi_A5
Good,Exactly what is in the picture Keep up,N/A,Redmi_A5
I love it,It working perfectly,N/A,Redmi_A5
I like it,"I got exactly what I ordered for, thanks",N/A,Redmi_A5
Mr,Great product,N/A,Redmi_A5
Phone review,Very smooth strong battery Good for gaming Nice camera,N/A,Redmi_A5
I love it,My Woman Loves it and it's just as described.,N/A,Redmi_A5
Smooth,Nice,N/A,Redmi_A5
Good phone,It's a smart phone indeed,N/A,Redmi_A5
Good,Very reliable,N/A,Redmi_A5
Nice phone,Bought for my mom She is loving it,N/A,Redmi_A5
Good,Exactly what is in the picture Keep up,N/A,Redmi_A5
I love it,It working perfectly,N/A,Redmi_A5
I like it,"I got exactly what I ordered for, thanks",N/A,Redmi_A5
Mr,Great product,N/A,Redmi_A5
Phone review,Very smooth strong battery Good for gaming Nice camera,N/A,Redmi_A5
I love it,My Woman Loves it and it's just as described.,N/A,Redmi_A5
Smooth,Nice,N/A,Redmi_A5
Good phone,It's a smart phone indeed,N/A,Redmi_A5
Good,Very reliable,N/A,Redmi_A5
Nice phone,Bought for my mom She is loving it,N/A,Redmi_A5
Good,Exactly what is in the picture Keep up,N/A,Redmi_A5
I love it,It working perfectly,N/A,Redmi_A5
I like it,"I got exactly what I ordered for, thanks",N/A,Redmi_A5
Mr,Great product,N/A,Redmi_A5
Phone review,Very smooth strong battery Good for gaming Nice camera,N/A,Redmi_A5
I love it,My Woman Loves it and it's just as described.,N/A,Redmi_A5
Smooth,Nice,N/A,Redmi_A5
Good phone,It's a smart phone indeed,N/A,Redmi_A5
Good,Very reliable,N/A,Redmi_A5
Nice phone,Bought for my mom She is loving it,N/A,Redmi_A5
Good,Exactly what is in the picture Keep up,N/A,Redmi_A5
I love it,It working perfectly,N/A,Redmi_A5
I like it,"I got exactly what I ordered for, thanks",N/A,Redmi_A5
Mr,Great product,N/A,Redmi_A5
Phone review,Very smooth strong battery Good for gaming Nice camera,N/A,Redmi_A5
I love it,My Woman Loves it and it's just as described.,N/A,Redmi_A5
Smooth,Nice,N/A,Redmi_A5
Good phone,It's a smart phone indeed,N/A,Redmi_A5
Good,Very reliable,N/A,Redmi_A5
Nice phone,Bought for my mom She is loving it,N/A,Redmi_A5
Good,Exactly what is in the picture Keep up,N/A,Redmi_A5
I love it,It working perfectly,N/A,Redmi_A5
I like it,"I got exactly what I ordered for, thanks",N/A,Redmi_A5
Mr,Great product,N/A,Redmi_A5
Phone review,Very smooth strong battery Good for gaming Nice camera,N/A,Redmi_A5
I love it,My Woman Loves it and it's just as described.,N/A,Redmi_A5
Smooth,Nice,N/A,Redmi_A5
Good phone,It's a smart phone indeed,N/A,Redmi_A5
Good,Very reliable,N/A,Redmi_A5
Nice phone,Bought for my mom She is loving it,N/A,Redmi_A5
Good,Exactly what is in the picture Keep up,N/A,Redmi_A5
I love it,It working perfectly,N/A,Redmi_A5
I like it,"I got exactly what I ordered for, thanks",N/A,Redmi_A5
Mr,Great product,N/A,Redmi_A5
Phone review,Very smooth strong battery Good for gaming Nice camera,N/A,Redmi_A5
I love it,My Woman Loves it and it's just as described.,N/A,Redmi_A5
Smooth,Nice,N/A,Redmi_A5
Good phone,It's a smart phone indeed,N/A,Redmi_A5
Good,Very reliable,N/A,Redmi_A5
Nice phone,Bought for my mom She is loving it,N/A,Redmi_A5
Good,Exactly what is in the picture Keep up,N/A,Redmi_A5
I love it,It working perfectly,N/A,Redmi_A5
I like it,"I got exactly what I ordered for, thanks",N/A,Redmi_A5
Mr,Great product,N/A,Redmi_A5
Phone review,Very smooth strong battery Good for gaming Nice camera,N/A,Redmi_A5
I love it,My Woman Loves it and it's just as described.,N/A,Redmi_A5
Smooth,Nice,N/A,Redmi_A5
Good phone,It's a smart phone indeed,N/A,Redmi_A5
Good,Very reliable,N/A,Redmi_A5
Nice phone,Bought for my mom She is loving it,N/A,Redmi_A5
Good,Exactly what is in the picture Keep up,N/A,Redmi_A5
I love it,It working perfectly,N/A,Redmi_A5
I like it,"I got exactly what I ordered for, thanks",N/A,Redmi_A5
Mr,Great product,N/A,Redmi_A5
Phone review,Very smooth strong battery Good for gaming Nice camera,N/A,Redmi_A5
I love it,My Woman Loves it and it's just as described.,N/A,Redmi_A5
Smooth,Nice,N/A,Redmi_A5
Good phone,It's a smart phone indeed,N/A,Redmi_A5
Good,Very reliable,N/A,Redmi_A5
Nice phone,Bought for my mom She is loving it,N/A,Redmi_A5
Good,Exactly what is in the picture Keep up,N/A,Redmi_A5
I love it,It working perfectly,N/A,Redmi_A5
I like it,"I got exactly what I ordered for, thanks",N/A,Redmi_A5
Mr,Great product,N/A,Redmi_A5
Phone review,Very smooth strong battery Good for gaming Nice camera,N/A,Redmi_A5
I love it,My Woman Loves it and it's just as described.,N/A,Redmi_A5
Smooth,Nice,N/A,Redmi_A5
Good phone,It's a smart phone indeed,N/A,Redmi_A5
Good,Very reliable,N/A,Redmi_A5
Nice phone,Bought for my mom She is loving it,N/A,Redmi_A5
Good,Exactly what is in the picture Keep up,N/A,Redmi_A5
I love it,It working perfectly,N/A,Redmi_A5
I like it,"I got exactly what I ordered for, thanks",N/A,Redmi_A5
Mr,Great product,N/A,Redmi_A5
Phone review,Very smooth strong battery Good for gaming Nice camera,N/A,Redmi_A5
I love it,My Woman Loves it and it's just as described.,N/A,Redmi_A5
Smooth,Nice,N/A,Redmi_A5
Good phone,It's a smart phone indeed,N/A,Redmi_A5
Good,Very reliable,N/A,Redmi_A5
Nice phone,Bought for my mom She is loving it,N/A,Redmi_A5
Good,Exactly what is in the picture Keep up,N/A,Redmi_A5
I love it,It working perfectly,N/A,Redmi_A5
I like it,"I got exactly what I ordered for, thanks",N/A,Redmi_A5
Mr,Great product,N/A,Redmi_A5
Phone review,Very smooth strong battery Good for gaming Nice camera,N/A,Redmi_A5
I love it,My Woman Loves it and it's just as described.,N/A,Redmi_A5
Smooth,Nice,N/A,Redmi_A5
Good phone,It's a smart phone indeed,N/A,Redmi_A5
Good,Very reliable,N/A,Redmi_A5
Nice phone,Bought for my mom She is loving it,N/A,Redmi_A5
Good,Exactly what is in the picture Keep up,N/A,Redmi_A5
I love it,It working perfectly,N/A,Redmi_A5
I like it,"I got exactly what I ordered for, thanks",N/A,Redmi_A5
Mr,Great product,N/A,Redmi_A5
Phone review,Very smooth strong battery Good for gaming Nice camera,N/A,Redmi_A5
I love it,My Woman Loves it and it's just as described.,N/A,Redmi_A5
Smooth,Nice,N/A,Redmi_A5
Good phone,It's a smart phone indeed,N/A,Redmi_A5
Good,Very reliable,N/A,Redmi_A5
Nice phone,Bought for my mom She is loving it,N/A,Redmi_A5
Good,Exactly what is in the picture Keep up,N/A,Redmi_A5
I love it,It working perfectly,N/A,Redmi_A5
I like it,"I got exactly what I ordered for, thanks",N/A,Redmi_A5
Mr,Great product,N/A,Redmi_A5
Phone review,Very smooth strong battery Good for gaming Nice camera,N/A,Redmi_A5
I love it,My Woman Loves it and it's just as described.,N/A,Redmi_A5
Smooth,Nice,N/A,Redmi_A5
Good phone,It's a smart phone indeed,N/A,Redmi_A5
Good,Very reliable,N/A,Redmi_A5
Nice phone,Bought for my mom She is loving it,N/A,Redmi_A5
Good,Exactly what is in the picture Keep up,N/A,Redmi_A5
I love it,It working perfectly,N/A,Redmi_A5
I like it,"I got exactly what I ordered for, thanks",N/A,Redmi_A5
Mr,Great product,N/A,Redmi_A5
Phone review,Very smooth strong battery Good for gaming Nice camera,N/A,Redmi_A5
I love it,My Woman Loves it and it's just as described.,N/A,Redmi_A5
Smooth,Nice,N/A,Redmi_A5
Good phone,It's a smart phone indeed,N/A,Redmi_A5
Good,Very reliable,N/A,Redmi_A5
Nice phone,Bought for my mom She is loving it,N/A,Redmi_A5
Good,Exactly what is in the picture Keep up,N/A,Redmi_A5
I love it,It working perfectly,N/A,Redmi_A5
I like it,"I got exactly what I ordered for, thanks",N/A,Redmi_A5
Mr,Great product,N/A,Redmi_A5
Phone review,Very smooth strong battery Good for gaming Nice camera,N/A,Redmi_A5
I love it,My Woman Loves it and it's just as described.,N/A,Redmi_A5
Smooth,Nice,N/A,Redmi_A5
Good phone,It's a smart phone indeed,N/A,Redmi_A5
Good,Very reliable,N/A,Redmi_A5
Nice phone,Bought for my mom She is loving it,N/A,Redmi_A5
Good,Exactly what is in the picture Keep up,N/A,Redmi_A5
I love it,It working perfectly,N/A,Redmi_A5
I like it,"I got exactly what I ordered for, thanks",N/A,Redmi_A5
Mr,Great product,N/A,Redmi_A5
Phone review,Very smooth strong battery Good for gaming Nice camera,N/A,Redmi_A5
I love it,My Woman Loves it and it's just as described.,N/A,Redmi_A5
Smooth,Nice,N/A,Redmi_A5
Good phone,It's a smart phone indeed,N/A,Redmi_A5
Good,Very reliable,N/A,Redmi_A5
Nice phone,Bought for my mom She is loving it,N/A,Redmi_A5
Good,Exactly what is in the picture Keep up,N/A,Redmi_A5
I love it,It working perfectly,N/A,Redmi_A5
I like it,"I got exactly what I ordered for, thanks",N/A,Redmi_A5
Mr,Great product,N/A,Redmi_A5
Phone review,Very smooth strong battery Good for gaming Nice camera,N/A,Redmi_A5
I love it,My Woman Loves it and it's just as described.,N/A,Redmi_A5
Smooth,Nice,N/A,Redmi_A5
Good phone,It's a smart phone indeed,N/A,Redmi_A5
Good,Very reliable,N/A,Redmi_A5
Nice phone,Bought for my mom She is loving it,N/A,Redmi_A5
Good,Exactly what is in the picture Keep up,N/A,Redmi_A5
I love it,It working perfectly,N/A,Redmi_A5
I like it,"I got exactly what I ordered for, thanks",N/A,Redmi_A5
Mr,Great product,N/A,Redmi_A5
Phone review,Very smooth strong battery Good for gaming Nice camera,N/A,Redmi_A5
I love it,My Woman Loves it and it's just as described.,N/A,Redmi_A5
Smooth,Nice,N/A,Redmi_A5
Good phone,It's a smart phone indeed,N/A,Redmi_A5
Good,Very reliable,N/A,Redmi_A5
Nice phone,Bought for my mom She is loving it,N/A,Redmi_A5
Good,Exactly what is in the picture Keep up,N/A,Redmi_A5
I love it,It working perfectly,N/A,Redmi_A5
I like it,"I got exactly what I ordered for, thanks",N/A,Redmi_A5
Mr,Great product,N/A,Redmi_A5
Phone review,Very smooth strong battery Good for gaming Nice camera,N/A,Redmi_A5
I love it,My Woman Loves it and it's just as described.,N/A,Redmi_A5
Smooth,Nice,N/A,Redmi_A5
Good phone,It's a smart phone indeed,N/A,Redmi_A5
Good,Very reliable,N/A,Redmi_A5
Nice phone,Bought for my mom She is loving it,N/A,Redmi_A5
Good,Exactly what is in the picture Keep up,N/A,Redmi_A5
